TEAM,YEAR,APG,RPG,TPG,SPG,ORPG,PPG,MARCH MADNESS,FINAL FOUR,FINALS,WINNER
Abilene Christian,2018,15.1,34.2,14.4,8.13,9.66,73.7,0,0,0,0
Air Force,2018,14.4,32.7,12.6,6.48,9.74,68.5,0,0,0,0
Akron,2018,13.1,33.5,13.8,5.91,9.56,71.8,0,0,0,0
Alabama NCAA,2018,12.7,35.8,14.3,6.33,10,72.3,1,0,0,0
Alabama A&M,2018,11,33.7,16.6,3.97,10.8,60.4,0,0,0,0
Alabama State,2018,10.1,36.5,14.1,5.45,12.7,68.7,0,0,0,0
Albany (NY),2018,12.7,37.2,11.6,4.69,11.8,74.2,0,0,0,0
Alcorn State,2018,13.1,34.5,14.3,6.25,9.53,70.1,0,0,0,0
American,2018,12.2,29,13.8,7.23,8.07,65.4,0,0,0,0
Appalachian State,2018,12.5,39.2,13.8,6,11.8,76.4,0,0,0,0
Arizona NCAA,2018,15.2,36.5,12.2,4.94,10.1,80.5,1,0,0,0
Arizona State NCAA,2018,14.3,35.2,10.7,6.53,9.84,82.7,0,0,0,0
Arkansas NCAA,2018,14.3,34.5,10.9,6.23,10,80.5,1,0,0,0
Arkansas State,2018,10.8,33.5,13.1,6.72,11.2,74,0,0,0,0
Arkansas-Pine Bluff,2018,12.2,29.3,14.3,7.86,7.97,65.9,0,0,0,0
Army,2018,16.7,35.8,13.4,5.67,10.1,74.3,0,0,0,0
Auburn NCAA,2018,14.1,37.9,12.1,7.41,12,81.9,1,0,0,0
Austin Peay,2018,13.3,35.6,14.1,6.62,13.1,73.9,0,0,0,0
Ball State,2018,14.2,37.8,13.2,5.31,10,75.3,0,0,0,0
Baylor,2018,15.2,38,13.6,5.44,11.8,75.6,0,0,0,0
Belmont,2018,16,34.3,12.4,4.88,7.82,77.6,0,0,0,0
Bethune-Cookman,2018,15.7,42.1,15.8,6.31,13.3,81.9,0,0,0,0
Binghamton,2018,12.1,34.4,12.3,5.48,9.13,69.3,0,0,0,0
Boise State,2018,13.3,38.5,13.5,5.72,10,78.2,0,0,0,0
Boston College,2018,14.1,36.9,12.6,5,10.5,76.4,0,0,0,0
Boston University,2018,13.5,33.7,13.8,7.39,9.71,70.5,0,0,0,0
Bowling Green State,2018,13.3,38.3,12.8,5.91,11.6,75.9,0,0,0,0
Bradley,2018,13.5,35.7,13.4,6.48,10.9,67.4,0,0,0,0
Brigham Young,2018,15.2,32.7,11.5,6.4,6.91,74.3,0,0,0,0
Brown,2018,12.5,36.6,13.5,6.44,11.5,77,0,0,0,0
Bryant,2018,13.5,32.3,12.9,6.13,10.1,70,0,0,0,0
Bucknell NCAA,2018,14.4,36.6,12.5,5.54,9.29,81.1,1,0,0,0
Buffalo NCAA,2018,16.6,38.6,12.4,6.25,11.9,84.6,1,0,0,0
Butler NCAA,2018,14,34.2,11.2,6.63,9.26,78.9,1,0,0,0
Cal Poly,2018,12,33.4,11.8,4.97,9.39,67.2,0,0,0,0
Cal State Bakersfield,2018,12.9,35.6,13.9,6.07,11.4,66,0,0,0,0
Cal State Fullerton NCAA,2018,12.6,35.1,14.2,6.28,8.75,72.4,1,0,0,0
Cal State Northridge,2018,12.2,31.3,12.2,4.97,8.23,66.1,0,0,0,0
California,2018,9.78,35.6,14.7,6.88,13.3,67.7,0,0,0,0
Campbell,2018,14.2,31.9,11.9,6.71,6.79,75.9,0,0,0,0
Canisius,2018,16.8,33.4,13,7.03,10.2,76.3,0,0,0,0
Central Arkansas,2018,16.2,36.3,13.7,6.66,10.3,80.5,0,0,0,0
Central Connecticut State,2018,12.4,35.3,14.8,5.03,10,67.8,0,0,0,0
Central Florida,2018,10.6,34.6,13.5,5.28,9.53,62.7,0,0,0,0
Central Michigan,2018,13.7,36.3,11.6,6.33,11.3,78.8,0,0,0,0
Charleston Southern,2018,11.9,34.5,13.2,7.23,11.1,72,0,0,0,0
Charlotte,2018,11,34.1,14.8,5.69,9.31,71.2,0,0,0,0
Chattanooga,2018,12.8,32.5,13.9,5.03,9.3,69.4,0,0,0,0
Chicago State,2018,11.5,32.6,15.1,7.25,10.1,67.8,0,0,0,0
Cincinnati NCAA,2018,15.8,39.3,11.2,7.11,13.3,74.3,1,0,0,0
Clemson NCAA,2018,13.2,35.9,11.8,5.66,8.94,73.8,1,0,0,0
Cleveland State,2018,13,30.4,13.1,6.6,7.71,68.6,0,0,0,0
Coastal Carolina,2018,13.1,38.9,15,5.34,12.1,71.8,0,0,0,0
Colgate,2018,12.9,32.8,11,6.09,9.06,72.5,0,0,0,0
College of Charleston NCAA,2018,11.4,33.2,9.97,5.21,8.41,74.6,1,0,0,0
Colorado,2018,12.8,37.5,14.1,4.38,10.1,72.1,0,0,0,0
Colorado State,2018,12.8,37.5,13.3,5.94,11.7,72.3,0,0,0,0
Columbia,2018,14.2,35.6,12.5,6.56,10.3,76.4,0,0,0,0
Connecticut,2018,10.4,34.3,12.6,5.94,10.5,68.2,0,0,0,0
Coppin State,2018,10.6,33.8,14.4,5.38,8.53,60.8,0,0,0,0
Cornell,2018,16,34.3,13.4,5.14,8.29,75.9,0,0,0,0
Creighton NCAA,2018,17.8,36.5,11.2,5.67,7.55,83.5,1,0,0,0
Dartmouth,2018,13.3,31.4,13.5,5.63,7.7,68.2,0,0,0,0
Davidson NCAA,2018,16.7,32.7,9.55,4.7,6.94,76.3,1,0,0,0
Dayton,2018,15.7,31.2,13.7,5.23,7.74,72.4,0,0,0,0
Delaware,2018,11.7,34.8,10.7,4.97,9.52,70.8,0,0,0,0
Delaware State,2018,10.9,33.3,15.3,5.91,10.6,63.6,0,0,0,0
Denver,2018,15.1,36.9,15,4.3,10.4,73.1,0,0,0,0
DePaul,2018,15,37.4,13.9,6.45,12.4,71.9,0,0,0,0
Detroit Mercy,2018,13.7,34.8,13.6,6.63,10.5,78.6,0,0,0,0
Drake,2018,14.8,34.1,12.1,6,8.21,73.7,0,0,0,0
Drexel,2018,11.5,36.3,12.4,5.33,11.2,74.4,0,0,0,0
Duke NCAA,2018,17.5,41.1,12.4,7.43,13.4,84.4,1,0,0,0
Duquesne,2018,11.9,35.9,12,5.81,12.1,72.4,0,0,0,0
East Carolina,2018,12.9,34,14.4,4.93,9.73,66.4,0,0,0,0
East Tennessee State,2018,14.7,37.2,13.4,7.79,10.4,75.2,0,0,0,0
Eastern Illinois,2018,12.6,34.3,13.5,5.87,10.7,66.6,0,0,0,0
Eastern Kentucky,2018,13.1,33,12.9,6.23,9.58,71.9,0,0,0,0
Eastern Michigan,2018,12.9,35.1,12.8,8.66,10.2,71.7,0,0,0,0
Eastern Washington,2018,12.6,33.2,11.5,5.29,7.37,74.8,0,0,0,0
Elon,2018,15.8,35.6,11.7,4.38,8.06,73.3,0,0,0,0
Evansville,2018,13,33.1,13.5,5.94,7.72,65.4,0,0,0,0
Fairfield,2018,14.8,35.1,12.8,6.39,9.06,75.9,0,0,0,0
Fairleigh Dickinson,2018,13.4,34.4,13.7,7.1,10.9,74.6,0,0,0,0
Florida NCAA,2018,13.1,35.2,9.85,6.97,10.8,75.8,1,0,0,0
Florida A&M,2018,10.9,32.2,13.9,5.71,10.2,68.9,0,0,0,0
Florida Atlantic,2018,12.1,38.5,12.7,5.87,11.5,69.5,0,0,0,0
Florida Gulf Coast,2018,15.3,38.2,14.1,7.31,10.5,81.3,0,0,0,0
Florida International,2018,11.8,35.9,11.1,7.56,9.97,70.7,0,0,0,0
Florida State NCAA,2018,14.9,37.8,13,6.89,11.4,80.2,1,0,0,0
Fordham,2018,13.5,28.5,12.5,9.13,6.42,62.3,0,0,0,0
Fresno State,2018,13,33.8,12,6.78,9.16,76.8,0,0,0,0
Furman,2018,15.9,35.1,11.6,8.03,9.61,79.4,0,0,0,0
Gardner-Webb,2018,13,35.7,13.7,6.09,9.38,70.6,0,0,0,0
George Mason,2018,11.5,36.8,12.9,6.06,9.97,71.8,0,0,0,0
George Washington,2018,13.3,33.9,12.7,5.73,10.6,67.4,0,0,0,0
Georgetown,2018,17.4,38.4,15.3,5.47,10.9,78.3,0,0,0,0
Georgia,2018,12.2,39.4,12.7,3.82,12.3,68.1,0,0,0,0
Georgia Southern,2018,10.1,37.8,11.3,6.88,12.2,75.9,0,0,0,0
Georgia State NCAA,2018,13,33.8,11.3,7.31,8.83,74.7,1,0,0,0
Georgia Tech,2018,12.8,33.9,12.8,6.91,10.4,65.7,0,0,0,0
Gonzaga NCAA,2018,15.2,39.9,11.4,6.32,11.2,83.5,1,0,0,0
Grambling,2018,11,38.5,15.4,7.71,12.2,72.8,0,0,0,0
Grand Canyon,2018,15.9,38.5,13.2,6.21,11.9,73.9,0,0,0,0
Green Bay,2018,13.9,37.6,13.7,6.85,10.1,76.3,0,0,0,0
Hampton,2018,15.2,40.4,12.9,5.38,11.3,79.5,0,0,0,0
Hartford,2018,13.1,33.3,12.2,6.06,8.42,70.5,0,0,0,0
Harvard,2018,12.7,34.8,13.9,5.41,8.88,68.2,0,0,0,0
Hawaii,2018,14.3,33.2,13.4,5.63,8.87,70.1,0,0,0,0
High Point,2018,11.8,34.6,12.5,7.4,10.8,70.9,0,0,0,0
Hofstra,2018,13.3,35.6,10.8,5.03,11,79.5,0,0,0,0
Holy Cross,2018,13.6,28.4,12.3,6.23,5.74,63.6,0,0,0,0
Houston NCAA,2018,14.4,38.6,11.9,6.23,11.7,76.7,1,0,0,0
Houston Christian,2018,13.9,39.3,14.1,6.65,15.4,76.8,0,0,0,0
Howard,2018,12.3,34.9,13.4,5.39,11.3,74.2,0,0,0,0
Idaho,2018,14.8,36.7,13.3,4.35,9.97,75.2,0,0,0,0
Idaho State,2018,11.8,32.1,13.6,5.63,6.8,73.7,0,0,0,0
Illinois,2018,13.8,32.9,13.3,7.5,12.4,75.8,0,0,0,0
Illinois State,2018,14.2,35.5,13.3,6.55,9.61,71.6,0,0,0,0
Illinois-Chicago,2018,12.5,38.4,15.1,6.78,10.3,75.2,0,0,0,0
Incarnate Word,2018,11.1,34.9,15.8,6.04,10,70.6,0,0,0,0
Indiana,2018,14,35.5,12.5,6.42,11.1,71.9,0,0,0,0
Indiana State,2018,11.6,36.3,14.4,7.52,10.4,72.5,0,0,0,0
Iona NCAA,2018,15.9,33.7,11.6,6.74,8.56,79.5,1,0,0,0
Iowa,2018,18.2,38.1,13.4,5.21,11.8,79.7,0,0,0,0
Iowa State,2018,13.6,36.6,11.9,4.81,10.9,72.8,0,0,0,0
IUPUI,2018,12.8,34.1,14.2,6.83,11.5,68.2,0,0,0,0
Jackson State,2018,10.9,34,11.5,7.34,12.5,62.2,0,0,0,0
Jacksonville,2018,12.6,35.8,14.3,6.85,10,72.9,0,0,0,0
Jacksonville State,2018,15.1,38.1,13,6.11,11.4,71.9,0,0,0,0
James Madison,2018,12.1,35.9,12,7.13,11.3,73.2,0,0,0,0
Kansas NCAA,2018,16.6,35.6,11.7,6.51,9.77,81.4,1,1,0,0
Kansas City,2018,11.1,31.8,12.8,6.31,8.13,70.3,0,0,0,0
Kansas State NCAA,2018,13.8,30.7,11.4,7.95,8.22,71.1,1,0,0,0
Kennesaw State,2018,14.9,32.9,13.6,7.2,10.2,72.7,0,0,0,0
Kent State,2018,11.6,35.9,13,5.91,11.5,73,0,0,0,0
Kentucky NCAA,2018,13.2,38.7,13,5.62,11.9,76.8,1,0,0,0
La Salle,2018,12.8,35.1,11.7,5.91,9.16,72.9,0,0,0,0
Lafayette,2018,12.5,33.1,13.3,4.23,6.77,71.2,0,0,0,0
Lamar,2018,13.6,37.8,13,8.52,12.9,75.8,0,0,0,0
Lehigh,2018,14.3,35.8,12.7,6.13,8.97,77.9,0,0,0,0
Liberty,2018,14.1,33.5,11.8,5.89,7.32,70.8,0,0,0,0
Lipscomb NCAA,2018,15.7,38.7,14.9,6.55,10.5,82.1,1,0,0,0
Little Rock,2018,12.2,34,14.3,4.97,10.1,63.7,0,0,0,0
Long Beach State,2018,12.7,36.2,15.2,6.61,11.5,75.3,0,0,0,0
Long Island University NCAA,2018,12.6,37.9,14.2,5.54,10.6,77,0,0,0,0
Longwood,2018,9.91,32.4,15.6,6.61,7.94,63.3,0,0,0,0
Louisiana,2018,17.4,39,13.4,7.5,12.8,83.2,0,0,0,0
Louisiana State,2018,14.2,33.4,11.6,7.64,9.61,77.5,0,0,0,0
Louisiana Tech,2018,14.2,34.5,12.3,5.94,9.52,74.8,0,0,0,0
Louisiana-Monroe,2018,13.9,33.7,11.9,6.47,9.28,69.8,0,0,0,0
Louisville,2018,13.6,36.6,11.8,6.97,9.94,75.6,0,0,0,0
Loyola (IL) NCAA,2018,15.6,32.2,12.4,6.34,6.26,71.6,1,1,0,0
Loyola (MD),2018,11.6,34.7,13.4,7.03,10.7,69.5,0,0,0,0
Loyola Marymount,2018,14.2,32.6,13.1,6.97,12.1,71.8,0,0,0,0
Maine,2018,11.8,35.3,15.5,6.44,9.56,66.9,0,0,0,0
Manhattan,2018,14,33.2,15.5,6,10.3,69.3,0,0,0,0
Marist,2018,11.9,33.6,15.7,4.19,7.52,72.2,0,0,0,0
Marquette,2018,15.7,31.8,12.3,6.11,9,81.3,0,0,0,0
Marshall NCAA,2018,17.1,35.8,13.2,7,8.14,83.8,1,0,0,0
Maryland,2018,14.1,35.9,13.7,4.31,9.53,73.1,0,0,0,0
Maryland-Baltimore County NCAA,2018,15.2,34.6,12.2,7.47,9.67,73.1,1,0,0,0
Maryland-Eastern Shore,2018,10.8,33.3,13,4.72,10.9,62.3,0,0,0,0
Massachusetts,2018,15.3,32.8,12.8,4.82,9.09,71.9,0,0,0,0
Massachusetts-Lowell,2018,14.5,32.3,13.5,7,9.37,76.2,0,0,0,0
McNeese State,2018,11.3,39.4,14.3,5.38,11.2,75.3,0,0,0,0
Memphis,2018,13,34.3,13.7,5.91,11.5,70.8,0,0,0,0
Mercer,2018,14.4,34.6,12.5,5.35,9.71,75.3,0,0,0,0
Miami (FL) NCAA,2018,13.3,34.8,11.5,6.56,9.94,73.8,1,0,0,0
Miami (OH),2018,13.3,36.2,13.3,7.56,9.97,72,0,0,0,0
Michigan NCAA,2018,14.3,33.3,9.24,6.37,8.41,73.6,1,1,1,0
Michigan State NCAA,2018,19.1,41.1,13.1,4.09,11.6,80.2,1,0,0,0
Middle Tennessee,2018,14.2,35.8,12.5,6.09,10.5,75.1,0,0,0,0
Milwaukee,2018,13,34.7,12.5,5.94,8.82,68.5,0,0,0,0
Minnesota,2018,14.6,38.2,11,5.66,11.6,75.2,0,0,0,0
Mississippi,2018,14.6,38,11.4,6.25,12.3,75.8,0,0,0,0
Mississippi State,2018,13.3,36.1,13.1,6.57,10.8,73.4,0,0,0,0
Mississippi Valley State,2018,10.2,35.6,13.2,5.81,12.3,64.8,0,0,0,0
Missouri NCAA,2018,13.4,37.1,14.2,5.15,10.1,72.7,1,0,0,0
Missouri State,2018,12.9,38.7,11.6,4.64,11.8,70.1,0,0,0,0
Monmouth,2018,12.9,36,15.3,6.35,8.9,75.4,0,0,0,0
Montana NCAA,2018,12.6,37,12.4,7.76,11.8,77.2,1,0,0,0
Montana State,2018,12.5,36.5,12.5,5.5,11.2,76.1,0,0,0,0
Morehead State,2018,11.9,35.9,15.7,5.69,11.7,70.4,0,0,0,0
Morgan State,2018,12.5,38.3,14,7.16,13.7,73.3,0,0,0,0
Mount St. Mary's,2018,14,28.7,11,6.91,6.69,72.8,0,0,0,0
Murray State NCAA,2018,14.7,37.1,12,6.75,10.7,78.6,1,0,0,0
Navy,2018,14.1,34.8,14.2,6.44,10.8,68.7,0,0,0,0
NC State NCAA,2018,16.1,35.6,12.1,7.39,12.2,81.3,1,0,0,0
Nebraska,2018,13.5,36.1,11,6.06,10.8,72.3,0,0,0,0
Nevada NCAA,2018,16.2,35.6,9.65,6.22,9.24,82.6,1,0,0,0
Nevada-Las Vegas,2018,16.2,40.4,14.3,5.58,12,83.4,0,0,0,0
New Hampshire,2018,11.9,38.4,11.7,3.58,11.5,67.8,0,0,0,0
New Mexico,2018,15.9,31.6,12.4,7.38,9.32,82.2,0,0,0,0
New Mexico State NCAA,2018,14.1,41.2,12.6,5.56,12.6,75.6,1,0,0,0
New Orleans,2018,14.6,34.2,15.1,7.21,11.3,69.6,0,0,0,0
Niagara,2018,12,39,11.3,5.18,12,83.3,0,0,0,0
Nicholls State,2018,14.8,37.2,15.3,9.59,11,82.5,0,0,0,0
NJIT,2018,13.9,35.4,13.3,8.2,11,74.9,0,0,0,0
Norfolk State,2018,13.6,38.5,15.4,6.24,12.5,72.7,0,0,0,0
North Carolina NCAA,2018,18.2,42.4,12,5.76,13.8,81.6,1,0,0,0
North Carolina A&T,2018,15.3,35.8,13.8,6.06,9.94,74.9,0,0,0,0
North Carolina Central NCAA,2018,15.6,38.2,14.1,5.11,11.9,72,0,0,0,0
North Dakota,2018,12.8,30.8,13,7.91,7.03,75.8,0,0,0,0
North Dakota State,2018,13.2,34.4,12.6,4.53,7.25,74.4,0,0,0,0
North Florida,2018,14.8,35.1,14.5,5.24,9.45,80.8,0,0,0,0
North Texas,2018,12.5,38.2,13,5.13,11.1,74.4,0,0,0,0
Northeastern,2018,15.8,32.8,13.6,6.67,7.82,74.9,0,0,0,0
Northern Arizona,2018,9.81,33.6,15.5,5.63,10,65.6,0,0,0,0
Northern Colorado,2018,11.9,37.6,12.2,5.34,9.5,81.1,0,0,0,0
Northern Illinois,2018,9.22,34.4,11.8,6.66,9.84,72.5,0,0,0,0
Northern Iowa,2018,10.8,34.7,11.4,5.19,8.34,64.3,0,0,0,0
Northern Kentucky,2018,16.3,36.8,12.5,7.38,9.63,77.7,0,0,0,0
Northwestern,2018,14,33.1,11.7,4.88,10,68.8,0,0,0,0
Northwestern State,2018,9.62,35.7,17.1,6.21,12.4,64.4,0,0,0,0
Notre Dame,2018,14.4,36.8,9.86,5.78,10.7,74.9,0,0,0,0
Oakland,2018,16.8,36.5,13.2,6.06,9.91,78.2,0,0,0,0
Ohio,2018,14.3,36.4,13.3,6.68,8.35,75.3,0,0,0,0
Ohio State NCAA,2018,14.7,36.6,11.7,6.15,9.82,76.2,1,0,0,0
Oklahoma NCAA,2018,15,38.4,13.4,6.5,10.6,84.9,1,0,0,0
Oklahoma State,2018,14.3,37.4,12.9,6.58,12.9,76.6,0,0,0,0
Old Dominion,2018,15.1,37.7,10.4,7.47,11.7,73.3,0,0,0,0
Omaha,2018,13.1,33.7,13.2,5.71,9.1,76.5,0,0,0,0
Oral Roberts,2018,14.2,38.3,12.8,5.44,13.9,72.9,0,0,0,0
Oregon,2018,15.4,35.1,12.1,6.89,10.3,78.3,0,0,0,0
Oregon State,2018,14.8,35,13.3,6.63,10.4,73.1,0,0,0,0
Pacific,2018,12.3,33.9,11.5,6.16,10.4,71.3,0,0,0,0
Penn State,2018,13.9,35.5,11.9,7.23,10.8,74.7,0,0,0,0
Pennsylvania NCAA,2018,15.4,37.5,11.8,5.88,8.58,75.9,1,0,0,0
Pepperdine,2018,14,33.7,11.8,4.84,10.1,71.3,0,0,0,0
Pittsburgh,2018,12.4,31.5,13.8,4.31,7.72,62,0,0,0,0
Portland,2018,12.1,31.7,12,5.16,6.41,69.4,0,0,0,0
Portland State,2018,16.1,38.4,12.7,9.79,14.5,85.2,0,0,0,0
Prairie View,2018,12.9,34.8,13.5,7.56,11.9,75.3,0,0,0,0
Presbyterian,2018,11.5,31.3,11.5,5.47,9.09,66.4,0,0,0,0
Princeton,2018,12.7,32.7,11.5,4.72,7.59,72.6,0,0,0,0
Providence NCAA,2018,13.9,35.6,12.3,6.8,10.5,73.6,1,0,0,0
Purdue NCAA,2018,16.2,35,10.8,5.7,8.62,80.4,1,0,0,0
Purdue-Fort Wayne,2018,14.7,35.1,11.8,8,9.58,82.3,0,0,0,0
Quinnipiac,2018,12.2,34.6,13.5,5.52,10,71.6,0,0,0,0
Radford NCAA,2018,12.3,34.6,12.3,6.28,11.5,67.3,1,0,0,0
Rhode Island NCAA,2018,15.3,34.4,10.6,7.32,11.4,76,1,0,0,0
Rice,2018,12.2,36.8,14.8,5.35,10.5,68.2,0,0,0,0
Richmond,2018,15.2,30.4,11.7,7.63,7.84,71.8,0,0,0,0
Rider,2018,14.3,39.2,13.3,7.53,13.2,81.9,0,0,0,0
Robert Morris,2018,11.6,35.6,14.8,7.76,11.9,68.8,0,0,0,0
Rutgers,2018,9.79,38.7,11.7,7.06,13.1,65.2,0,0,0,0
Sacramento State,2018,13.1,32,12,5.38,8.38,67.4,0,0,0,0
Sacred Heart,2018,12.9,39.9,14.8,4.81,12.1,68.7,0,0,0,0
Saint Francis (PA),2018,13.4,33.7,11.6,6.74,8.9,79,0,0,0,0
Saint Joseph's,2018,14,37.5,10,6.34,9.03,74.1,0,0,0,0
Saint Louis,2018,11.9,36,12.7,6,11.8,65.8,0,0,0,0
Saint Mary's (CA),2018,15.5,33.7,9.92,4.44,8.28,77,0,0,0,0
Saint Peter's,2018,11.8,32.8,13,6.59,9.13,65.2,0,0,0,0
Sam Houston State,2018,14.6,37.7,13.1,6.11,12.1,71.4,0,0,0,0
Samford,2018,16.6,30.4,13.6,7.19,8.25,77.6,0,0,0,0
San Diego,2018,14,32.9,13.1,5.47,7.44,70.1,0,0,0,0
San Diego State NCAA,2018,14.8,37.9,11.9,6.24,11.1,77.1,1,0,0,0
San Francisco,2018,13.5,35.7,11.9,5.38,10.1,68.8,0,0,0,0
San Jose State,2018,12.8,35.8,16.3,4.5,9.23,65.8,0,0,0,0
Santa Clara,2018,13,28.6,11.3,5.42,7.84,66.1,0,0,0,0
Savannah State,2018,15.8,38.2,14,9.41,13.2,86.1,0,0,0,0
Seattle,2018,13.6,38.2,14.2,4.91,10.8,76.1,0,0,0,0
Seton Hall NCAA,2018,15.5,38.3,12.7,6.18,12.2,79.4,1,0,0,0
Siena,2018,11.1,35.8,15.1,4.78,11.1,67.7,0,0,0,0
South Alabama,2018,12.4,36.4,15,5.34,9.41,69.6,0,0,0,0
South Carolina,2018,12.8,37.2,13.8,5.45,12.6,70.1,0,0,0,0
South Carolina State,2018,11,34.1,13.9,5.28,11.4,73.6,0,0,0,0
South Carolina Upstate,2018,14,33.2,11.6,6.09,10.5,75.8,0,0,0,0
South Dakota,2018,13.2,37.7,11.1,6.83,10.3,80.9,0,0,0,0
South Dakota State NCAA,2018,13.3,38.9,10.1,4.91,8.86,84.5,1,0,0,0
South Florida,2018,11.8,33.3,14,5.09,9.66,63.3,0,0,0,0
Southeast Missouri State,2018,13.6,32.4,12.5,5.74,8.81,76,0,0,0,0
Southeastern Louisiana,2018,14.6,34.1,13.8,6.62,10.6,71.7,0,0,0,0
Southern,2018,11.2,38.9,13.2,5.67,13.2,69.1,0,0,0,0
Southern California,2018,15.8,34.8,10.6,6.33,10.3,77.7,0,0,0,0
Southern Illinois,2018,14.1,32.7,12.7,7.52,8.52,69.9,0,0,0,0
SIU Edwardsville,2018,12.4,34.1,13.6,4.8,10.8,69.7,0,0,0,0
Southern Methodist,2018,14.4,33.6,11.6,7.39,11.1,69.5,0,0,0,0
Southern Mississippi,2018,14.7,30.4,9.79,6.97,7.47,70.6,0,0,0,0
Southern Utah,2018,11.7,33.9,12.8,5.19,8.5,75.5,0,0,0,0
St. Bonaventure NCAA,2018,13.9,35.5,11.5,7.03,10.1,77.1,1,0,0,0
St. Francis (NY),2018,11.5,33.7,12.6,7.26,10.6,72.9,0,0,0,0
St. John's (NY),2018,12.8,33.6,11.9,8.55,8.73,73.1,0,0,0,0
Stanford,2018,13.4,39.1,15,5.23,11.3,75.9,0,0,0,0
Stephen F. Austin NCAA,2018,14.2,35.7,15.4,10.3,11.5,80.5,1,0,0,0
Stetson,2018,14.7,34.3,10.9,7.13,9.16,75.4,0,0,0,0
Stony Brook,2018,13.3,36,14,8.16,11.5,68.9,0,0,0,0
Syracuse NCAA,2018,10.7,37.2,12.4,6.97,11.9,66.6,1,0,0,0
TCU NCAA,2018,18.6,36.4,12.7,6.48,11.2,82.1,1,0,0,0
Temple,2018,12.8,33.9,10.8,6.67,10.2,69.9,0,0,0,0
Tennessee NCAA,2018,15.7,36.1,12.1,6.34,11.5,73.8,1,0,0,0
Tennessee State,2018,10.9,33,14.7,7.1,8.7,66.6,0,0,0,0
Tennessee Tech,2018,14.3,35.6,14.3,7.64,10.2,73.1,0,0,0,0
Tennessee-Martin,2018,12.6,35,14.5,6.9,9.94,68.9,0,0,0,0
Texas NCAA,2018,11.6,35.8,11.7,6.15,10.6,72.1,1,0,0,0
Texas A&M NCAA,2018,15.4,41.4,13.6,5.43,12.3,75.2,1,0,0,0
Texas A&M-Corpus Christi,2018,11.1,34.7,15.9,6.79,10.1,67.7,0,0,0,0
Texas Southern NCAA,2018,12.2,36.1,12.6,5.75,10.3,77.4,1,0,0,0
Texas State,2018,13.6,34.7,13.4,5.42,11,66.4,0,0,0,0
Texas Tech NCAA,2018,14.3,36,12.3,7.08,11,74.6,1,0,0,0
Texas-Rio Grande Valley,2018,15.1,37.6,13.5,7.67,11.6,75.5,0,0,0,0
The Citadel,2018,16.5,37,14.9,9.41,11.8,82.5,0,0,0,0
Toledo,2018,15.5,36.9,11.6,3.74,9.38,79,0,0,0,0
Towson,2018,11.9,38.1,12.7,6.53,12.4,76.4,0,0,0,0
Troy,2018,13.2,36.2,12.4,5,9.67,75,0,0,0,0
Tulane,2018,15.6,34.5,13.2,5.03,9.55,73.2,0,0,0,0
Tulsa,2018,12.6,38,12.9,4.48,11.2,73.5,0,0,0,0
UAB,2018,17,38,13.2,5.39,10.1,76.8,0,0,0,0
UC Davis,2018,12.4,32.2,12.9,7.06,8.09,72.4,0,0,0,0
UC Irvine,2018,12.3,41.2,13.9,5.09,12,69.7,0,0,0,0
UC Riverside,2018,12.5,35.1,13.8,6.13,10,65.3,0,0,0,0
UC Santa Barbara,2018,15,36.8,10.5,4.81,10.2,75.8,0,0,0,0
UCLA NCAA,2018,15,38.9,12.1,5.58,10.2,81.2,0,0,0,0
UNC Asheville,2018,15.4,33.9,13.8,7.41,8.24,75.2,0,0,0,0
UNC Greensboro NCAA,2018,13.9,37.3,13.7,7.63,11.9,73.2,1,0,0,0
UNC Wilmington,2018,15.3,40.9,12.9,5.13,14,79.4,0,0,0,0
UT Arlington,2018,16,39.2,14.9,6.74,11.1,77.6,0,0,0,0
Utah,2018,15.2,33.5,11.8,5.14,7.66,73.5,0,0,0,0
Utah State,2018,13.9,33.3,13,5,8.53,73.2,0,0,0,0
Utah Valley,2018,16.1,38.1,13.9,5.97,10.4,78.1,0,0,0,0
UTEP,2018,10.6,33.4,12.3,4.16,7,67.5,0,0,0,0
UTSA,2018,14.1,39.8,12.6,6.23,10.9,78.3,0,0,0,0
Valparaiso,2018,12.5,34.8,14.7,7.34,9.19,70.4,0,0,0,0
Vanderbilt,2018,12.3,33.8,11.8,4.81,9.75,72.4,0,0,0,0
Vermont,2018,13.4,33.1,11.1,3.83,7.66,73.9,0,0,0,0
Villanova NCAA,2018,16.4,35.9,10.7,6.47,9.63,86.6,1,1,1,1
Virginia NCAA,2018,13.5,32.3,8.53,6.82,8.29,67.1,1,0,0,0
Virginia Commonwealth,2018,15.5,36.5,13.5,6.36,10.4,76,0,0,0,0
VMI,2018,11.9,34.3,14.7,7.37,9.53,65.1,0,0,0,0
Virginia Tech NCAA,2018,16.4,32.7,12,5.79,7.45,79.8,1,0,0,0
Wagner,2018,13.3,39.1,13.7,6.61,13.5,74.2,0,0,0,0
Wake Forest,2018,13.9,35.7,13.1,5.84,10.9,73.3,0,0,0,0
Washington,2018,11.7,32.8,13.3,8.06,9.65,74.6,0,0,0,0
Washington State,2018,14.5,32.5,13.6,5.29,8.32,73.2,0,0,0,0
Weber State,2018,13.9,33.5,11.9,5.19,5.87,78.5,0,0,0,0
West Virginia NCAA,2018,15.2,37.9,11.4,8.14,14.1,80.1,1,0,0,0
Western Carolina,2018,13.3,34.4,14.9,7.94,11.6,68.4,0,0,0,0
Western Illinois,2018,11,35.4,12.5,4.86,7.04,71.9,0,0,0,0
Western Kentucky,2018,13.6,35.7,11.6,7.13,9.71,78.4,0,0,0,0
Western Michigan,2018,12.7,35.3,10.7,6.53,11.1,75.1,0,0,0,0
Wichita State NCAA,2018,18.5,40.5,11.7,4.67,12.3,82.8,1,0,0,0
William & Mary,2018,17.7,32.9,12.3,5.61,6.74,85,0,0,0,0
Winthrop,2018,14.7,36.3,13.8,6.81,9.13,79.5,0,0,0,0
Wisconsin,2018,12.5,30.6,10.7,5.45,9.06,66.8,0,0,0,0
Wofford,2018,15.4,32.3,12.1,6.47,8,75.8,0,0,0,0
Wright State NCAA,2018,13.1,36.2,13.1,6.6,10.2,71.4,1,0,0,0
Wyoming,2018,15.7,34.8,13.6,6.52,7,79.8,0,0,0,0
Xavier NCAA,2018,16.5,38.3,12.6,5.86,9.86,84.4,1,0,0,0
Yale,2018,16.4,33.9,13.1,6.58,8.87,74.6,0,0,0,0
Youngstown State,2018,13.9,36.2,14.4,8.31,14.3,75.3,0,0,0,0
Abilene Christian NCAA,2019,15.4,0.38,12,8.74,9.56,73.6,1,0,0,0
Air Force,2019,13.6,0.329,13.2,4.81,7.91,68.1,0,0,0,0
Akron,2019,12.1,0.32,11.8,5.61,9.45,68.8,0,0,0,0
Alabama,2019,12.3,0.34,13.7,4.62,11.3,72,0,0,0,0
Alabama A&M,2019,12,0.315,15.2,7.31,9.81,60.6,0,0,0,0
Alabama State,2019,10.1,0.321,14.5,6.55,11.8,67.3,0,0,0,0
Albany (NY),2019,12.6,0.347,14.2,6.09,9.19,67.2,0,0,0,0
Alcorn State,2019,12.6,0.327,15.9,7.39,10.8,64.4,0,0,0,0
American,2019,13.4,0.325,12.9,7.37,8.37,72,0,0,0,0
Appalachian State,2019,12.7,0.359,13.1,5.34,9.69,79.9,0,0,0,0
Arizona,2019,12.4,0.336,11.6,5.16,10.1,70.9,0,0,0,0
Arizona State NCAA,2019,13.5,0.336,13.7,6.26,11.7,77.6,1,0,0,0
Arkansas,2019,16,0.345,13.2,8.12,10.1,75.3,0,0,0,0
Arkansas State,2019,11.3,0.334,14,5.72,12.6,73.7,0,0,0,0
Arkansas-Pine Bluff,2019,11.4,0.338,14.9,6.75,9.91,65.9,0,0,0,0
Army,2019,15.6,0.315,11.8,6.19,8.09,70.9,0,0,0,0
Auburn NCAA,2019,14.3,0.377,11.7,9.22,11.4,79.7,1,1,0,0
Austin Peay,2019,13.8,0.382,11.9,7.64,12,82.2,0,0,0,0
Ball State,2019,12.9,0.325,14.5,6.58,9.33,75.1,0,0,0,0
Baylor NCAA,2019,13.9,0.341,13.1,6.15,13.2,71.8,1,0,0,0
Belmont NCAA,2019,19.5,0.372,11.4,6.67,8.67,86.9,1,0,0,0
Bethune-Cookman,2019,14.3,0.321,16.2,7.55,13.4,73.9,0,0,0,0
Binghamton,2019,9.82,0.349,12.4,5.55,7.39,65.2,0,0,0,0
Boise State,2019,12.1,0.352,11.5,6.06,7.33,71.6,0,0,0,0
Boston College,2019,12.3,0.317,12.2,5.13,10.7,70.8,0,0,0,0
Boston University,2019,13.5,0.346,12.9,6.03,9.42,72.3,0,0,0,0
Bowling Green State,2019,12.6,0.357,12.1,6.68,12,78.5,0,0,0,0
Bradley NCAA,2019,12.1,0.368,12.6,5.31,8.94,66.5,1,0,0,0
Brigham Young,2019,15.1,0.33,11.1,6.34,8.22,79,0,0,0,0
Brown,2019,13.1,0.342,14.3,7.53,8.16,73.6,0,0,0,0
Bryant,2019,10.6,0.325,12.8,5.27,9.5,69.6,0,0,0,0
Bucknell,2019,15.7,0.351,12.4,5.24,8.67,76.8,0,0,0,0
Buffalo NCAA,2019,16.6,0.337,12,7.31,12.6,84.4,1,0,0,0
Butler,2019,13.2,0.353,10.9,5.85,8.73,71.9,0,0,0,0
Cal Poly,2019,10.4,0.328,11.5,5.07,9.79,66.6,0,0,0,0
Cal State Bakersfield,2019,11.1,0.324,12.9,6.41,14.3,70.9,0,0,0,0
Cal State Fullerton,2019,12,0.317,13.2,5.88,8.15,71.7,0,0,0,0
Cal State Northridge,2019,15.1,0.361,12.1,6.62,10.4,76.5,0,0,0,0
California,2019,10.9,0.35,11.4,7.32,8.03,68.4,0,0,0,0
California Baptist,2019,11.1,0.359,12.2,4.77,9.87,77.5,0,0,0,0
Campbell,2019,14.6,0.343,10.2,6.61,8.06,75.6,0,0,0,0
Canisius,2019,14.6,0.324,12.9,6.38,9.38,70.3,0,0,0,0
Central Arkansas,2019,14,0.352,14.5,6.12,9.06,72.2,0,0,0,0
Central Connecticut State,2019,11.4,0.328,13.8,5.55,10.7,71.1,0,0,0,0
Central Florida NCAA,2019,13.3,0.365,11.9,5.73,9.55,72.3,1,0,0,0
Central Michigan,2019,13.3,0.371,12.1,7.63,12,82.7,0,0,0,0
Charleston Southern,2019,14.3,0.343,13,7.74,12,75.7,0,0,0,0
Charlotte,2019,9.93,0.311,14.4,4.76,6.86,61.2,0,0,0,0
Chattanooga,2019,13.1,0.365,12.8,4.34,8.69,70.9,0,0,0,0
Chicago State,2019,11.8,0.299,16,6.03,7.88,61.6,0,0,0,0
Cincinnati NCAA,2019,13.3,0.345,10.4,6.11,12.6,71.7,1,0,0,0
Clemson,2019,12.1,0.328,13.2,6.56,9.09,68.8,0,0,0,0
Cleveland State,2019,14.8,0.37,13.3,5.61,9.77,74.2,0,0,0,0
Coastal Carolina,2019,13.3,0.371,13.9,6.29,11.1,77.7,0,0,0,0
Colgate NCAA,2019,15.5,0.393,13,6.09,9.2,75.7,1,0,0,0
College of Charleston,2019,11.7,0.34,10.5,6.55,7.88,74.3,0,0,0,0
Colorado,2019,13.3,0.323,13.3,5.03,10.1,73.6,0,0,0,0
Colorado State,2019,14.8,0.359,11.6,6.22,8,74.8,0,0,0,0
Columbia,2019,15.8,0.362,13.1,7.79,9.11,73.5,0,0,0,0
Connecticut,2019,12.8,0.344,12.9,6.06,11.5,73.8,0,0,0,0
Coppin State,2019,9.88,0.285,16.8,5.12,9.52,64.2,0,0,0,0
Cornell,2019,14.6,0.332,13.4,5.84,6.16,69.3,0,0,0,0
Creighton,2019,16,0.387,13.3,6.77,8.23,77.9,0,0,0,0
Dartmouth,2019,14.2,0.366,12,5.27,8.2,72,0,0,0,0
Davidson,2019,14.7,0.354,11.1,5.15,7.76,70.9,0,0,0,0
Dayton,2019,16.4,0.332,12.5,4.97,7.91,72.9,0,0,0,0
Delaware,2019,12.9,0.378,11.5,4.52,7.7,71.3,0,0,0,0
Delaware State,2019,10.7,0.297,14,6.9,12.2,63.1,0,0,0,0
Denver,2019,11.8,0.365,13.6,4.73,9.17,69.5,0,0,0,0
DePaul,2019,14.3,0.343,13.6,6.31,11,78.4,0,0,0,0
Detroit Mercy,2019,10.3,0.356,11.5,7.68,10.8,73.5,0,0,0,0
Drake,2019,15.2,0.361,13.2,5.29,8.21,75.4,0,0,0,0
Drexel,2019,14.5,0.354,11.8,4.5,9.75,75.8,0,0,0,0
Duke NCAA,2019,15.9,0.308,12.8,9.11,13,82.7,1,0,0,0
Duquesne,2019,13.8,0.322,14.1,7.81,11.8,73.5,0,0,0,0
East Carolina,2019,12.3,0.284,13.4,7.23,10.2,67.4,0,0,0,0
East Tennessee State,2019,15.7,0.361,14.2,7.41,13,79.6,0,0,0,0
Eastern Illinois,2019,13.6,0.37,13.3,6.25,10.8,71.8,0,0,0,0
Eastern Kentucky,2019,14.8,0.327,14.4,10.2,11.7,82.6,0,0,0,0
Eastern Michigan,2019,11.5,0.295,13.8,7.41,12.5,68.8,0,0,0,0
Eastern Washington,2019,13.7,0.35,11.8,5.88,8.79,72.4,0,0,0,0
Elon,2019,14.6,0.355,12.9,4.22,8.28,70.8,0,0,0,0
Evansville,2019,12.3,0.34,13,5.78,6.72,69.8,0,0,0,0
Fairfield,2019,12.9,0.35,14.1,6.52,8.81,66.8,0,0,0,0
Fairleigh Dickinson NCAA,2019,13.9,0.4,13.6,7.46,9.23,74.9,1,0,0,0
Florida NCAA,2019,12.1,0.334,11.7,7.14,10.4,67.8,1,0,0,0
Florida A&M,2019,11.5,0.368,16.1,7.29,9.29,62.2,0,0,0,0
Florida Atlantic,2019,12.7,0.324,14.7,5.58,11.1,70.4,0,0,0,0
Florida Gulf Coast,2019,14,0.372,15,6.84,8.5,71.3,0,0,0,0
Florida International,2019,14.4,0.302,14,10.6,10.8,82.3,0,0,0,0
Florida State NCAA,2019,12.8,0.332,13.3,7.19,11.3,74.9,1,0,0,0
Fordham,2019,11.3,0.332,10.8,5.88,9.53,65.9,0,0,0,0
Fresno State,2019,14.3,0.381,12.5,7.13,9.38,76.5,0,0,0,0
Furman,2019,15.9,0.361,12.3,8.73,9.88,77.6,0,0,0,0
Gardner-Webb NCAA,2019,14.3,0.391,11.6,6.8,7.74,77.7,1,0,0,0
George Mason,2019,12.1,0.33,13,6.18,9.79,70.1,0,0,0,0
George Washington,2019,11.4,0.311,12.5,5.15,8.3,63.5,0,0,0,0
Georgetown,2019,16.4,0.355,13.4,6,10.6,79.5,0,0,0,0
Georgia,2019,13.2,0.322,15.8,5.78,11.2,71.1,0,0,0,0
Georgia Southern,2019,12.2,0.323,13.7,7.73,9.7,82.6,0,0,0,0
Georgia State NCAA,2019,12.2,0.384,11.5,7.91,8.03,76.4,1,0,0,0
Georgia Tech,2019,13.5,0.307,14.3,6.91,8.19,65.3,0,0,0,0
Gonzaga NCAA,2019,18.1,0.363,10.6,7.51,9.57,87.6,1,0,0,0
Grambling,2019,12.4,0.403,15.8,5.68,9.03,71.4,0,0,0,0
Grand Canyon,2019,14.1,0.331,12.1,6.09,10.3,75.3,0,0,0,0
Green Bay,2019,15.2,0.345,13.2,7.66,9.89,81.3,0,0,0,0
Hampton,2019,13.9,0.345,10.8,6.14,10.4,81.3,0,0,0,0
Hartford,2019,14,0.381,12.2,6.91,8.42,75.1,0,0,0,0
Harvard,2019,11.9,0.36,15.8,5.61,9.29,71.7,0,0,0,0
Hawaii,2019,15.4,0.354,11.9,5.03,8.97,72.3,0,0,0,0
High Point,2019,13,0.309,13.1,5.48,11.7,68.2,0,0,0,0
Hofstra,2019,14.1,0.385,9.77,6.51,8.71,83.4,0,0,0,0
Holy Cross,2019,15.5,0.354,10.6,7.3,6.67,67.2,0,0,0,0
Houston NCAA,2019,14.8,0.355,11.1,6.49,12.1,75.3,1,0,0,0
Houston Christian,2019,15,0.34,14.7,7.8,13.6,82.2,0,0,0,0
Howard,2019,13.6,0.365,12.6,5.82,11.6,78.9,0,0,0,0
Idaho,2019,12.5,0.37,13.5,4.06,8.06,67.9,0,0,0,0
Idaho State,2019,12.8,0.364,12,5.13,9.17,73.3,0,0,0,0
Illinois,2019,13.5,0.345,13.2,7.42,10.6,72.7,0,0,0,0
Illinois State,2019,12.8,0.332,12.6,4.91,9.03,68.4,0,0,0,0
Illinois-Chicago,2019,14.9,0.354,14.3,6.56,8.47,74.7,0,0,0,0
Incarnate Word,2019,11.4,0.343,16.3,5.94,6.58,65.9,0,0,0,0
Indiana,2019,13.4,0.312,12.4,6.46,9.74,71.5,0,0,0,0
Indiana State,2019,11,0.363,13,6.68,8.06,69.2,0,0,0,0
Iona NCAA,2019,13.1,0.351,12.3,6.76,8.58,76.7,1,0,0,0
Iowa NCAA,2019,15.5,0.364,12.2,6.03,10.2,78.3,1,0,0,0
Iowa State NCAA,2019,15.1,0.363,10.8,7.06,9.34,76.9,1,0,0,0
IUPUI,2019,14.3,0.337,14,6.91,12.2,76,0,0,0,0
Jackson State,2019,11.2,0.28,13.6,6.53,10.3,61.7,0,0,0,0
Jacksonville,2019,14.3,0.33,14.5,6.66,10.3,74.5,0,0,0,0
Jacksonville State,2019,13.7,0.315,13.3,7.42,12.1,78,0,0,0,0
James Madison,2019,12.2,0.363,12.7,6.39,10.5,70.4,0,0,0,0
Kansas NCAA,2019,13.3,0.35,13.1,6.75,10.4,75.7,1,0,0,0
Kansas City,2019,11,0.356,12.2,7.28,8.16,69.4,0,0,0,0
Kansas State NCAA,2019,13.6,0.334,11.3,7.53,9.56,65.8,1,0,0,0
Kennesaw State,2019,11.3,0.311,13.7,5.78,11.6,63.4,0,0,0,0
Kent State,2019,13,0.337,11.5,6.85,12.5,75.2,0,0,0,0
Kentucky NCAA,2019,13.5,0.354,12.6,5.95,11.5,75.8,1,0,0,0
La Salle,2019,12.6,0.331,14,7.42,10.6,67.5,0,0,0,0
Lafayette,2019,14,0.38,13.4,5.27,7.77,73.6,0,0,0,0
Lamar,2019,14.6,0.343,14.3,8.58,13.5,78.7,0,0,0,0
Lehigh,2019,15.2,0.423,13.5,5.52,7.48,80,0,0,0,0
Liberty NCAA,2019,14.8,0.369,11,6.19,7.5,73.7,1,0,0,0
Lipscomb,2019,17.7,0.373,13.2,7.24,8.89,83.1,0,0,0,0
Little Rock,2019,14.3,0.354,16.2,5.45,7.87,74.2,0,0,0,0
Long Beach State,2019,11.7,0.344,14.1,6.44,11.1,74.9,0,0,0,0
Long Island University,2019,13.4,0.341,14.7,6.81,10,74.2,0,0,0,0
Longwood,2019,11.8,0.355,14,6.18,8.35,70.8,0,0,0,0
Louisiana,2019,15.2,0.345,13.2,7.06,11.4,81.6,0,0,0,0
Louisiana State NCAA,2019,12.9,0.319,12.9,8.8,13.1,80.4,1,0,0,0
Louisiana Tech,2019,13.3,0.335,11.7,5.76,11.2,72.3,0,0,0,0
Louisiana-Monroe,2019,14.2,0.396,11.4,5.89,9.06,79.2,0,0,0,0
Louisville NCAA,2019,13.5,0.342,12.1,4.38,10.1,74.6,1,0,0,0
Loyola (IL),2019,13.8,0.366,12,6.47,5.59,65.6,0,0,0,0
Loyola (MD),2019,14,0.341,13.9,8.69,9.13,72.9,0,0,0,0
Loyola Marymount,2019,13.5,0.32,12.5,7.35,9.24,67,0,0,0,0
Maine,2019,14.7,0.311,14.4,7.47,8.75,62.1,0,0,0,0
Manhattan,2019,11.3,0.331,15.2,6.91,10.2,57.3,0,0,0,0
Marist,2019,12.2,0.363,12.5,5.55,7.77,67.3,0,0,0,0
Marquette NCAA,2019,13.4,0.388,13.7,4.94,9.74,77.3,1,0,0,0
Marshall,2019,14.2,0.342,12.2,9.03,8.62,80.5,0,0,0,0
Maryland NCAA,2019,13.1,0.349,12.9,4.35,11.1,71.4,1,0,0,0
Maryland-Baltimore County,2019,13.3,0.323,12.6,7.88,8.71,67.5,0,0,0,0
Maryland-Eastern Shore,2019,11.3,0.282,13.5,5.81,8.25,57.3,0,0,0,0
Massachusetts,2019,14.6,0.35,13.9,4.81,10.7,70.7,0,0,0,0
Massachusetts-Lowell,2019,15.6,0.341,14,5.66,9.16,76.8,0,0,0,0
McNeese State,2019,13.8,0.307,14.5,4.74,10,69.3,0,0,0,0
Memphis,2019,15.4,0.322,14.9,8,12.1,80.1,0,0,0,0
Mercer,2019,12.7,0.344,13.1,6.68,9.9,72.5,0,0,0,0
Miami (FL),2019,12.9,0.333,11.6,6.63,9.09,71.8,0,0,0,0
Miami (OH),2019,10.9,0.323,12.9,6.06,11,70.8,0,0,0,0
Michigan NCAA,2019,13.8,0.342,9.03,6.08,8.08,69.6,1,0,0,0
Michigan State NCAA,2019,18.3,0.378,12.6,5.15,10.6,77.6,1,1,0,0
Middle Tennessee,2019,11,0.326,16,5.94,11.9,66.9,0,0,0,0
Milwaukee,2019,11.5,0.342,12.3,4.68,9.29,69.2,0,0,0,0
Minnesota NCAA,2019,14.5,0.317,11.6,4.86,11.2,70.6,1,0,0,0
Mississippi NCAA,2019,14.4,0.358,12.6,7.12,9.76,75.3,1,0,0,0
Mississippi State NCAA,2019,14.1,0.377,13.3,8.06,11.6,77.3,1,0,0,0
Mississippi Valley State,2019,11.3,0.31,13,5.5,11.8,64.3,0,0,0,0
Missouri,2019,11.1,0.363,14,4.66,10.8,67.2,0,0,0,0
Missouri State,2019,11.1,0.345,12,6.91,8.44,68.9,0,0,0,0
Monmouth,2019,10.8,0.297,14.3,6.77,10.3,65.3,0,0,0,0
Montana NCAA,2019,14.6,0.376,11.9,6.54,8.37,76.1,1,0,0,0
Montana State,2019,15.3,0.374,12.3,5.28,9.13,78.2,0,0,0,0
Morehead State,2019,13.3,0.341,12.2,5.64,10.8,73.7,0,0,0,0
Morgan State,2019,12.1,0.322,13.4,7.67,13.2,72,0,0,0,0
Mount St. Mary's,2019,11.4,0.308,13.2,4.71,9.45,67.5,0,0,0,0
Murray State NCAA,2019,17.9,0.353,12.2,7.55,10.6,82.6,1,0,0,0
Navy,2019,12.9,0.317,14.1,5.39,11.6,66.5,0,0,0,0
NC State,2019,15,0.352,12.5,7.14,13.5,80.1,0,0,0,0
Nebraska,2019,12.9,0.338,9.58,7.22,10.5,71.8,0,0,0,0
Nevada NCAA,2019,14.6,0.347,10.4,6.21,9.56,80.1,1,0,0,0
Nevada-Las Vegas,2019,12.9,0.337,12.9,5.94,13.2,73.4,0,0,0,0
New Hampshire,2019,11.2,0.332,12.3,4,8.97,60.1,0,0,0,0
New Mexico,2019,13.9,0.346,14.2,6.88,11,76.3,0,0,0,0
New Mexico State NCAA,2019,14.7,0.334,12,5.63,12.7,78.1,1,0,0,0
New Orleans,2019,15.1,0.334,15.7,8.64,11.9,72.2,0,0,0,0
Niagara,2019,10.7,0.359,12.2,4,9.84,72.4,0,0,0,0
Nicholls State,2019,13.8,0.367,12.5,6.71,9.03,72.9,0,0,0,0
NJIT,2019,10.7,0.345,12,6.37,7.14,70.6,0,0,0,0
Norfolk State,2019,12.7,0.366,14.5,6.08,10.2,73.7,0,0,0,0
North Alabama,2019,10.4,0.298,13.6,6.53,11,67,0,0,0,0
North Carolina NCAA,2019,18.8,0.362,13.1,7,13.3,85.8,1,0,0,0
North Carolina A&T,2019,14.1,0.35,13,6.72,9.09,70,0,0,0,0
North Carolina Central NCAA,2019,15.5,0.319,15.1,6.09,11.7,71.4,0,0,0,0
North Dakota,2019,13.3,0.372,12.7,5.7,7.77,74,0,0,0,0
North Dakota State NCAA,2019,11.5,0.365,10.5,4.57,6.54,73,1,0,0,0
North Florida,2019,15.8,0.343,16.2,6.42,11,75.3,0,0,0,0
North Texas,2019,13,0.339,13.4,6.36,11.2,69.8,0,0,0,0
Northeastern NCAA,2019,14.1,0.382,11.2,6.21,6.97,75.4,1,0,0,0
Northern Arizona,2019,12.3,0.346,12,6.32,9.35,73,0,0,0,0
Northern Colorado,2019,13.2,0.362,12.4,5.5,9.66,76.6,0,0,0,0
Northern Illinois,2019,11,0.357,11.9,5.53,8.94,73.7,0,0,0,0
Northern Iowa,2019,10.9,0.348,11.6,4.85,7.71,65.1,0,0,0,0
Northern Kentucky NCAA,2019,16.9,0.363,12.6,6.23,10.4,78.5,1,0,0,0
Northwestern,2019,14.1,0.313,10.9,5.5,8.69,65.9,0,0,0,0
Northwestern State,2019,11,0.294,16,6.19,11.4,66.2,0,0,0,0
Notre Dame,2019,12.8,0.315,9.27,5.42,11.2,68.7,0,0,0,0
Oakland,2019,17.6,0.385,12.9,5.79,8.33,76.8,0,0,0,0
Ohio,2019,14.5,0.295,14.5,6.45,10.7,70.1,0,0,0,0
Ohio State NCAA,2019,14.1,0.341,12.5,5.89,9.37,69.1,1,0,0,0
Oklahoma NCAA,2019,12.6,0.346,11.8,5.97,8.97,71.3,1,0,0,0
Oklahoma State,2019,13.2,0.372,12.1,5.72,9.22,68.1,0,0,0,0
Old Dominion NCAA,2019,12.5,0.349,11.7,5.63,11.9,65.7,1,0,0,0
Omaha,2019,12.8,0.392,9.5,5.63,8.53,78.8,0,0,0,0
Oral Roberts,2019,13.6,0.362,14,4.75,10.5,72.3,0,0,0,0
Oregon NCAA,2019,13.2,0.351,11.6,7.63,9.5,70,1,0,0,0
Oregon State,2019,15,0.321,12.4,5.97,10,73.4,0,0,0,0
Pacific,2019,10.2,0.35,13.2,6.22,8.91,66.8,0,0,0,0
Penn State,2019,12.2,0.32,12.5,7.66,11.9,69.7,0,0,0,0
Pennsylvania,2019,15,0.351,12.7,6.77,8.71,72.6,0,0,0,0
Pepperdine,2019,14.1,0.382,12.7,6.74,8.53,75.6,0,0,0,0
Pittsburgh,2019,11.7,0.331,13.6,6.88,11.6,69.9,0,0,0,0
Portland,2019,11.5,0.325,13.3,5.47,7.28,64.9,0,0,0,0
Portland State,2019,13.6,0.309,14,8.25,15.3,77.3,0,0,0,0
Prairie View NCAA,2019,12.7,0.32,12.7,8.83,11.2,75.1,0,0,0,0
Presbyterian,2019,15.7,0.381,9.94,5.94,9,78.3,0,0,0,0
Princeton,2019,10.5,0.305,12.6,6,9.71,69.6,0,0,0,0
Providence,2019,14.4,0.326,13.1,7.44,11.7,71.4,0,0,0,0
Purdue NCAA,2019,14.4,0.374,10.6,6.11,11.7,76.7,1,0,0,0
Purdue-Fort Wayne,2019,15.9,0.379,12,7.48,8.21,82.7,0,0,0,0
Quinnipiac,2019,12.7,0.377,13.4,5.13,10,74,0,0,0,0
Radford,2019,14.2,0.379,10.8,5.94,10.2,73.9,0,0,0,0
Rhode Island,2019,12.2,0.28,12.3,7.12,11.4,69.5,0,0,0,0
Rice,2019,13.3,0.348,13.7,5.34,9.88,74,0,0,0,0
Richmond,2019,15.7,0.347,10.2,7.55,5.94,70.1,0,0,0,0
Rider,2019,14.5,0.341,13.4,9.1,11.7,76.8,0,0,0,0
Robert Morris,2019,13.9,0.355,14.5,7.34,10.7,69.9,0,0,0,0
Rutgers,2019,12.6,0.312,13.2,6.48,12.6,67.9,0,0,0,0
Sacramento State,2019,13.9,0.332,13,7.71,9.94,70.9,0,0,0,0
Sacred Heart,2019,14.7,0.357,14.5,5.31,11.1,79.9,0,0,0,0
Saint Francis (PA),2019,12.5,0.351,12.2,6.7,13,76.3,0,0,0,0
Saint Joseph's,2019,12,0.322,9.24,5.64,7.82,70.5,0,0,0,0
Saint Louis NCAA,2019,12.8,0.304,12.9,7.06,13.7,66.6,1,0,0,0
Saint Mary's (CA) NCAA,2019,10,0.378,10.4,5.91,9.68,72.4,1,0,0,0
Saint Peter's,2019,9.41,0.325,15.3,5.38,9.16,62.9,0,0,0,0
Sam Houston State,2019,16.8,0.367,12.5,7.33,11.2,75,0,0,0,0
Samford,2019,14,0.37,14,7.21,9.58,78.3,0,0,0,0
San Diego,2019,14.3,0.351,12.9,5.67,8.06,72,0,0,0,0
San Diego State,2019,14.3,0.362,12.5,5.79,10.2,71.7,0,0,0,0
San Francisco,2019,14.2,0.355,10.4,6.06,11,76.1,0,0,0,0
San Jose State,2019,13.6,0.328,15.6,4.23,10.4,65.9,0,0,0,0
Santa Clara,2019,13.4,0.36,14,4.71,7.81,68.2,0,0,0,0
Savannah State,2019,14.9,0.293,15.4,7.55,12.4,76.1,0,0,0,0
Seattle,2019,11.7,0.371,12.2,4.27,10.2,73.3,0,0,0,0
Seton Hall NCAA,2019,13.5,0.324,12.4,6.91,10.6,73.8,1,0,0,0
Siena,2019,12.6,0.339,9.73,5.76,7.52,64.6,0,0,0,0
South Alabama,2019,13.9,0.375,13.4,5.91,8.47,72.9,0,0,0,0
South Carolina,2019,12.9,0.366,13.5,6.31,12,72.7,0,0,0,0
South Carolina State,2019,11.4,0.332,14.5,4.91,11.1,70.2,0,0,0,0
South Carolina Upstate,2019,13.6,0.329,13.8,6.47,9.53,67.8,0,0,0,0
South Dakota,2019,12.7,0.341,10.8,5.5,7.3,70.6,0,0,0,0
South Dakota State,2019,14.8,0.408,11.8,6.12,7.61,84.5,0,0,0,0
South Florida,2019,13.7,0.332,15.9,8.05,13.1,72.4,0,0,0,0
Southeast Missouri State,2019,13,0.37,14.4,5.87,9.16,71.5,0,0,0,0
Southeastern Louisiana,2019,13.7,0.338,16.2,6.52,10.5,67.4,0,0,0,0
Southern,2019,11.6,0.331,16,6.75,9.78,64.9,0,0,0,0
Southern California,2019,16.2,0.382,11.9,6.12,9.82,76.3,0,0,0,0
Southern Illinois,2019,13.7,0.374,14,6.63,9.03,68.6,0,0,0,0
SIU Edwardsville,2019,12.3,0.302,14.1,6.39,11.3,73.1,0,0,0,0
Southern Methodist,2019,13.8,0.341,10.9,5.91,11.4,72,0,0,0,0
Southern Mississippi,2019,16.8,0.386,10.5,7.67,8.3,72.5,0,0,0,0
Southern Utah,2019,12.5,0.34,13.7,5.85,8.29,75.7,0,0,0,0
St. Bonaventure,2019,12.3,0.328,12.4,5.85,9.79,66.2,0,0,0,0
St. Francis (NY),2019,11.7,0.335,12.5,5.88,10.5,71.1,0,0,0,0
St. John's (NY) NCAA,2019,13.9,0.357,10.5,8.88,7.76,77.1,0,0,0,0
Stanford,2019,12.6,0.317,15.1,6,10.4,72.7,0,0,0,0
Stephen F. Austin,2019,11.6,0.342,14.7,6.4,10.4,70.2,0,0,0,0
Stetson,2019,13.5,0.314,12.7,6.77,11.6,69.4,0,0,0,0
Stony Brook,2019,11.3,0.326,14.5,6.33,12.4,71.6,0,0,0,0
Syracuse NCAA,2019,12,0.333,12.4,8.18,10.7,69.7,1,0,0,0
TCU,2019,16.2,0.346,13.5,6.89,10.7,73.8,0,0,0,0
Temple NCAA,2019,14.4,0.33,11.2,8.61,9.58,74.7,0,0,0,0
Tennessee NCAA,2019,17.8,0.367,11.1,5.97,10.2,82,1,0,0,0
Tennessee State,2019,11.4,0.335,16.6,7.3,10.6,72.7,0,0,0,0
Tennessee Tech,2019,12.5,0.344,16.7,7.29,10.6,67.9,0,0,0,0
Tennessee-Martin,2019,14.2,0.344,13.5,7.19,11.3,76,0,0,0,0
Texas,2019,13.1,0.348,10.8,6.14,9.68,71,0,0,0,0
Texas A&M,2019,11.8,0.308,13.9,6.72,11.6,70.4,0,0,0,0
Texas A&M-Corpus Christi,2019,13.2,0.325,14.3,6.16,10.9,66.4,0,0,0,0
Texas Southern,2019,15.6,0.324,15.5,8.13,12.3,81.6,0,0,0,0
Texas State,2019,14.5,0.328,13.4,6.88,12,72.6,0,0,0,0
Texas Tech NCAA,2019,13.6,0.365,12,7.32,8.29,72.8,1,1,1,0
Texas-Rio Grande Valley,2019,13.6,0.319,12.7,9.32,9.68,71.2,0,0,0,0
The Citadel,2019,15.4,0.344,12.9,6.7,10.7,85.1,0,0,0,0
Toledo,2019,16.3,0.378,12.2,5.15,9.91,76.9,0,0,0,0
Towson,2019,9.97,0.327,12.2,4.81,12.2,67.8,0,0,0,0
Troy,2019,13.1,0.335,13.6,5.7,9.23,72.6,0,0,0,0
Tulane,2019,14.3,0.318,15.1,4.74,9.61,67.2,0,0,0,0
Tulsa,2019,13.4,0.34,12.6,5.5,7.47,71.8,0,0,0,0
UAB,2019,11.5,0.337,11.4,6.23,10.5,70.6,0,0,0,0
UC Davis,2019,12.1,0.328,13.3,6.32,7.03,65.7,0,0,0,0
UC Irvine NCAA,2019,12.9,0.359,11.9,5.68,11.6,72.3,1,0,0,0
UC Riverside,2019,12.9,0.376,12.9,4.97,8.67,65.2,0,0,0,0
UC Santa Barbara,2019,13.5,0.343,11.1,4.97,11.8,73.4,0,0,0,0
UCLA,2019,14.3,0.355,14.2,5.88,11.5,78.2,0,0,0,0
UNC Asheville,2019,10.7,0.325,14.7,6.32,9.61,59.9,0,0,0,0
UNC Greensboro,2019,12.6,0.342,11.8,8.75,11.1,76.1,0,0,0,0
UNC Wilmington,2019,15,0.349,13.2,4.55,11.7,76.2,0,0,0,0
UT Arlington,2019,12.8,0.303,14.2,6.39,11.3,69.2,0,0,0,0
Utah,2019,14.2,0.37,13.2,4.65,10.2,75.6,0,0,0,0
Utah State NCAA,2019,17.1,0.355,12.8,6.14,10.8,78.7,1,0,0,0
Utah Valley,2019,13.8,0.382,13.9,5.74,9.09,77.1,0,0,0,0
UTEP,2019,10.6,0.321,16.1,4.66,9.83,64.1,0,0,0,0
UTSA,2019,13.1,0.344,12.6,6.66,10.1,77.5,0,0,0,0
Valparaiso,2019,13.1,0.316,13.3,6.12,8.91,66.8,0,0,0,0
Vanderbilt,2019,11.6,0.311,14.2,4.81,10.2,68.1,0,0,0,0
Vermont NCAA,2019,11.7,0.359,11.1,5.53,8.94,73.8,1,0,0,0
Villanova NCAA,2019,14,0.352,10.8,5.39,10.2,73.7,1,0,0,0
Virginia NCAA,2019,14.3,0.395,9,5.55,9,71.4,1,1,1,1
Virginia Commonwealth NCAA,2019,13.6,0.305,13.9,7.97,10.8,71,1,0,0,0
VMI,2019,13.8,0.359,12.2,6.78,8.75,76,0,0,0,0
Virginia Tech NCAA,2019,15.2,0.394,11.2,6.74,8.86,73.5,1,0,0,0
Wagner,2019,11.7,0.305,13.8,6.13,12.6,65.8,0,0,0,0
Wake Forest,2019,10.6,0.308,13.5,4.84,12.9,68.4,0,0,0,0
Washington NCAA,2019,11.6,0.35,13.3,8.97,9.28,69.8,1,0,0,0
Washington State,2019,14.9,0.364,13.8,5.28,8.63,74.8,0,0,0,0
Weber State,2019,11.6,0.364,11.6,5.42,6.67,79.3,0,0,0,0
West Virginia,2019,13.6,0.316,15.5,6.19,14.4,73.8,0,0,0,0
Western Carolina,2019,12.2,0.37,18,4.22,9.47,72,0,0,0,0
Western Illinois,2019,10.3,0.385,11.4,5.32,8.19,70.9,0,0,0,0
Western Kentucky,2019,12.3,0.327,13.7,6.91,9.94,71.4,0,0,0,0
Western Michigan,2019,11.7,0.315,15.3,4.59,10.8,70.2,0,0,0,0
Wichita State,2019,13.5,0.31,12.1,4.7,12.2,70.5,0,0,0,0
William & Mary,2019,17.1,0.346,12.6,5.1,8.1,74.9,0,0,0,0
Winthrop,2019,15.3,0.373,15.2,4.47,11,83.3,0,0,0,0
Wisconsin NCAA,2019,12.6,0.359,9.62,5.21,8.32,68.6,1,0,0,0
Wofford NCAA,2019,15.1,0.414,10.8,6.66,10.4,82.3,1,0,0,0
Wright State,2019,13.8,0.344,11.5,6.11,10.9,73.2,0,0,0,0
Wyoming,2019,10.3,0.344,14.1,5.5,5.22,65.8,0,0,0,0
Xavier,2019,14.8,0.331,12.9,5.43,10.6,72.2,0,0,0,0
Yale NCAA,2019,16.8,0.363,13.1,5.9,8.63,80.9,1,0,0,0
Youngstown State,2019,14,0.34,13.2,6.56,13.1,75.5,0,0,0,0
Abilene Christian NCAA,2021,17.7,36.1,13.6,9.72,11.3,75.7,1,0,0,0
Air Force,2021,12.3,23.2,14.4,7.08,4.4,58.7,0,0,0,0
Akron,2021,13.3,38.9,11.8,4.91,11.4,78.2,0,0,0,0
Alabama NCAA,2021,14.1,40.7,13.9,8.48,12.4,79.7,1,0,0,0
Alabama A&M,2021,10.9,38.5,15.3,5.47,10.7,63.3,0,0,0,0
Alabama State,2021,9.72,36.3,16.2,6.11,11.4,64.2,0,0,0,0
Albany (NY),2021,11.7,30,12.6,6.13,6.88,69.4,0,0,0,0
Alcorn State,2021,9.32,32,14.5,7.58,10.8,66.1,0,0,0,0
American,2021,12.8,32.6,15.8,7.3,7.8,69.1,0,0,0,0
Appalachian State NCAA,2021,11.9,36.3,11.8,7.93,11,70.3,0,0,0,0
Arizona,2021,15.5,38.3,11.9,5.85,11.7,75.4,0,0,0,0
Arizona State,2021,13.1,31.9,11,7.28,7.84,74.3,0,0,0,0
Arkansas NCAA,2021,14.6,39.7,12.9,7.84,11.8,81.4,1,0,0,0
Arkansas State,2021,14.5,37.2,13,6.58,11,72.5,0,0,0,0
Arkansas-Pine Bluff,2021,9.6,32.3,15.8,6.4,9.6,62,0,0,0,0
Army,2021,14.4,34.6,12.5,6.27,8.09,71.7,0,0,0,0
Auburn,2021,14.8,39.4,16.2,6.22,12.9,77.2,0,0,0,0
Austin Peay,2021,13.2,34.5,14.7,6.78,12.6,74.3,0,0,0,0
Ball State,2021,13.8,36.9,14.3,5.48,9.96,74.7,0,0,0,0
Baylor NCAA,2021,16.9,36,11.5,8.9,12.5,82.9,1,1,1,1
Bellarmine,2021,15.5,30.3,11.1,7.27,7.77,74.3,0,0,0,0
Belmont,2021,18.2,35.7,12,7.73,8.8,81.3,0,0,0,0
Binghamton,2021,11.1,35.7,13.9,5,10.6,65.4,0,0,0,0
Boise State,2021,13.5,35.5,11.7,6.54,9.04,75.8,0,0,0,0
Boston College,2021,11.5,33.3,13.7,7.2,9.15,71.3,0,0,0,0
Boston University,2021,10.6,35.3,12.5,5.39,10.1,69.4,0,0,0,0
Bowling Green State,2021,12.6,38.3,9.85,7.08,12.5,77.5,0,0,0,0
Bradley,2021,13.6,36.9,12.4,5.14,10.1,69.6,0,0,0,0
Brigham Young NCAA,2021,16.1,39.2,13.2,4.59,9.44,78.1,1,0,0,0
Brown,2021,0,0,0,0,0,0,0,0,0,0
Bryant,2021,15.3,39.8,15.1,6.91,10.2,83.8,0,0,0,0
Bucknell,2021,12,33.5,12.7,5.83,6.5,74.9,0,0,0,0
Buffalo,2021,15.9,43.8,13.9,7.96,14.8,81.4,0,0,0,0
Butler,2021,12.3,32.3,11.4,5.56,9.2,63.5,0,0,0,0
Cal Poly,2021,12.4,32.4,13.9,6.21,7.79,61.5,0,0,0,0
Cal State Bakersfield,2021,14,36.9,13,6.42,13.4,69.7,0,0,0,0
Cal State Fullerton,2021,13.6,32.9,12.8,6.69,8.75,77,0,0,0,0
Cal State Northridge,2021,13.3,33.2,11.9,6.36,9.45,72.1,0,0,0,0
California,2021,11.9,31.6,12.8,4.34,8.1,65.4,0,0,0,0
California Baptist,2021,17.5,37.1,13.5,5.04,9.61,79.1,0,0,0,0
Campbell,2021,14.3,28.4,12.1,6.11,6.11,71,0,0,0,0
Canisius,2021,12.7,34.6,12,5.62,10,70.4,0,0,0,0
Central Arkansas,2021,13.4,37,17.5,5.04,10.3,70.9,0,0,0,0
Central Connecticut State,2021,12.9,31.6,14.2,6.9,8.52,68.5,0,0,0,0
Central Florida,2021,12.4,33.3,14.8,6.83,9.39,67.2,0,0,0,0
Central Michigan,2021,10.7,36.2,13.3,8.17,10.5,76.8,0,0,0,0
Charleston Southern,2021,10.4,37,16.5,6.14,10.2,65.5,0,0,0,0
Charlotte,2021,11.3,31.1,13.4,5.44,6.88,63.5,0,0,0,0
Chattanooga,2021,12.3,33.9,11.1,6.85,8.35,72.6,0,0,0,0
Chicago State,2021,9.89,26,15.6,5.44,6,55.4,0,0,0,0
Cincinnati,2021,15,36.2,14.6,6.74,10.7,68.9,0,0,0,0
Clemson NCAA,2021,13.3,32.6,12.6,6.08,8.58,64.9,1,0,0,0
Cleveland State NCAA,2021,13.7,34.6,12.9,6.96,10.5,70.9,1,0,0,0
Coastal Carolina,2021,15.5,43.5,15.2,8.19,13.5,79.5,0,0,0,0
Colgate NCAA,2021,17.6,39.9,10.8,7.06,9.5,85.2,1,0,0,0
College of Charleston,2021,10.6,32.8,10.4,5.26,8.21,70.6,0,0,0,0
Colorado NCAA,2021,13.6,34.8,11.4,5.22,9.75,73.1,1,0,0,0
Colorado State,2021,14.6,34.5,13.5,5.86,7.57,74,0,0,0,0
Columbia,2021,0,0,0,0,0,0,0,0,0,0
Connecticut NCAA,2021,12.9,38.2,11.7,6.17,13.5,71.7,1,0,0,0
Coppin State,2021,13,36.2,15.8,8.55,7.45,72.8,0,0,0,0
Cornell,2021,0,0,0,0,0,0,0,0,0,0
Creighton NCAA,2021,15.6,35.7,11,6.97,8.35,76,1,0,0,0
Dartmouth,2021,0,0,0,0,0,0,0,0,0,0
Davidson,2021,15.1,34.5,10.7,5.14,8.95,71.8,0,0,0,0
Dayton,2021,13.5,33,14.4,4.5,6.71,69.8,0,0,0,0
Delaware,2021,12.5,35.1,14.3,4.6,8.73,67.5,0,0,0,0
Delaware State,2021,11.4,35.7,16.9,6.47,10.8,70.8,0,0,0,0
Denver,2021,11.9,30.3,14.8,5.71,7.43,69.8,0,0,0,0
DePaul,2021,11.4,37.7,15.8,6.84,12.1,65.8,0,0,0,0
Detroit Mercy,2021,14.3,32.7,11.5,6.82,8.95,76.5,0,0,0,0
Drake NCAA,2021,13.6,36.1,10.3,6.97,10.2,75.9,1,0,0,0
Drexel NCAA,2021,14.9,33.9,12.8,4.55,8.7,70.3,1,0,0,0
Duke,2021,16.3,35.5,12.8,8.21,11.2,76,0,0,0,0
Duquesne,2021,13.4,36.3,13.3,6.72,11.4,66.9,0,0,0,0
East Carolina,2021,15.9,34.4,12.6,6.16,9.95,66.8,0,0,0,0
East Tennessee State,2021,11.8,35.9,13.6,7.36,10.1,69.4,0,0,0,0
Eastern Illinois,2021,13.3,35,14.2,7.15,10.6,69.4,0,0,0,0
Eastern Kentucky,2021,15.9,35.6,12.9,10.3,10.6,81.8,0,0,0,0
Eastern Michigan,2021,11,33,12.3,8.83,9.39,70.4,0,0,0,0
Eastern Washington NCAA,2021,15.2,35.3,11.5,4.79,7.42,78.3,1,0,0,0
Elon,2021,10.8,34.3,11.5,5.68,8.74,65.7,0,0,0,0
Evansville,2021,11.6,26.8,11,4.88,5.96,64.8,0,0,0,0
Fairfield,2021,10,35.1,12.9,4.63,9.81,61.8,0,0,0,0
Fairleigh Dickinson,2021,12,33.9,14.2,7.58,10.2,75,0,0,0,0
Florida NCAA,2021,11.7,35.3,15,7.2,9.8,74.2,1,0,0,0
Florida A&M,2021,13.3,35.3,16.9,6.5,10.3,65.7,0,0,0,0
Florida Atlantic,2021,14.6,40.4,13.8,7.61,12.5,78.1,0,0,0,0
Florida Gulf Coast,2021,13.7,38.9,14.7,7.44,11.4,71.8,0,0,0,0
Florida International,2021,15,32.6,14.6,8.42,9.69,73.6,0,0,0,0
Florida State NCAA,2021,14.5,36.7,14.4,7.28,10.9,77.2,1,0,0,0
Fordham,2021,10.9,29.6,13.4,6.21,6.79,51.8,0,0,0,0
Fresno State,2021,10.4,35.5,14.3,6.58,10.7,66.3,0,0,0,0
Furman,2021,16.6,35.2,12.5,8.2,8.92,79.6,0,0,0,0
Gardner-Webb,2021,13,34.4,11.7,5.88,9.19,70.7,0,0,0,0
George Mason,2021,13,37.9,12.8,7.23,11.5,71.3,0,0,0,0
George Washington,2021,11.4,34.2,13.7,6.29,8,68.1,0,0,0,0
Georgetown NCAA,2021,12.8,39.8,15.2,5.88,11.5,71.4,1,0,0,0
Georgia,2021,15,37.4,16.7,8.46,12.2,77.5,0,0,0,0
Georgia Southern,2021,12.5,37.1,14.4,8.08,11.8,71.5,0,0,0,0
Georgia State,2021,16.8,37.5,11.6,7.14,11.4,80.3,0,0,0,0
Georgia Tech NCAA,2021,15.8,30.3,11.2,9.08,7.88,74.9,1,0,0,0
Gonzaga NCAA,2021,18.8,37.2,12,7.94,9.03,91,1,1,1,1
Grambling,2021,14,34.5,15.5,8.13,8.63,67.4,0,0,0,0
Grand Canyon NCAA,2021,16.3,39.9,12.8,4.83,10.6,75.5,1,0,0,0
Green Bay,2021,14.1,32.7,10.8,5.52,9.12,71.6,0,0,0,0
Hampton,2021,11.7,33.8,12.7,6.08,7.84,68.8,0,0,0,0
Hartford NCAA,2021,11,33.3,13.1,6.92,7.96,65.4,1,0,0,0
Harvard,2021,0,0,0,0,0,0,0,0,0,0
Hawaii,2021,11.7,35.8,13.9,5.67,10.3,71.6,0,0,0,0
High Point,2021,12.2,35.5,12.6,6.54,11.6,66.7,0,0,0,0
Hofstra,2021,12.7,35.5,12.1,6.61,10.5,73.2,0,0,0,0
Holy Cross,2021,12.1,32.7,12.9,6.88,9.38,70.6,0,0,0,0
Houston NCAA,2021,13.9,40.5,10.7,7.97,14.3,76.1,1,1,0,0
Houston Christian,2021,14.2,34,16.7,7.04,9.12,71,0,0,0,0
Howard,2021,14.8,35.4,14.4,5.2,8.2,72.6,0,0,0,0
Idaho,2021,12.1,29.9,16.4,4.95,6.91,61,0,0,0,0
Idaho State,2021,11.4,35.9,14.9,4.5,10.1,68.2,0,0,0,0
Illinois NCAA,2021,16.3,40,13,5.68,10.4,80.5,1,0,0,0
Illinois State,2021,13.8,35.2,13.8,6,8.24,72,0,0,0,0
Illinois-Chicago,2021,13.5,34.8,13.2,3.68,8.32,67.7,0,0,0,0
Incarnate Word,2021,12.2,31.1,14,5.36,7.77,68,0,0,0,0
Indiana,2021,13.9,34.6,11.9,5.74,8.96,69.7,0,0,0,0
Indiana State,2021,10.7,31.8,12.1,6.56,8.28,66.5,0,0,0,0
Iona NCAA,2021,13.6,36.8,15.6,6.83,10.8,71.3,1,0,0,0
Iowa NCAA,2021,19.2,39.7,9.48,5.58,11.2,83.7,1,0,0,0
Iowa State,2021,11.6,31.6,14.9,6.5,8.58,65.6,0,0,0,0
IUPUI,2021,13.3,33.8,13.9,6.89,9.33,71.2,0,0,0,0
Jackson State,2021,10.6,36.7,15.4,8.17,10.4,65.6,0,0,0,0
Jacksonville,2021,11.2,33.3,14.3,6.83,8.58,67.6,0,0,0,0
Jacksonville State,2021,14.2,38.8,13.3,5,11.1,74.3,0,0,0,0
James Madison,2021,13.8,37.4,12.2,7.45,11,78.1,0,0,0,0
Kansas NCAA,2021,13.8,37.5,12,6.9,11.1,73,1,0,0,0
Kansas City,2021,14.8,30.4,12.5,7.92,7.29,70.1,0,0,0,0
Kansas State,2021,13,32.9,14.9,5.55,10.2,61.8,0,0,0,0
Kennesaw State,2021,10.8,34,14.2,5.75,8.96,65.5,0,0,0,0
Kent State,2021,14.3,39.1,13.6,6.78,12.6,76.7,0,0,0,0
Kentucky,2021,12.5,38,14,6.28,12,70.4,0,0,0,0
La Salle,2021,12.7,33.2,14.4,7.44,9.36,68.1,0,0,0,0
Lafayette,2021,16.2,35,10.9,6.27,8.87,77.7,0,0,0,0
Lamar,2021,11.9,34.5,14.1,7.14,9.61,65.8,0,0,0,0
Lehigh,2021,12.7,34.7,13.1,6,9.13,68.3,0,0,0,0
Liberty NCAA,2021,15.8,33.5,9.97,4.66,6.97,74.4,1,0,0,0
Lipscomb,2021,13.5,34,12.1,6.19,7.7,71.2,0,0,0,0
Little Rock,2021,13.6,34.5,15.1,6.35,10,68.7,0,0,0,0
Long Beach State,2021,11.7,35,16,6.22,8.17,73.8,0,0,0,0
Long Island University,2021,16.3,39.2,14.4,8.44,13.3,74,0,0,0,0
Longwood,2021,10.7,32.9,13.1,6.1,9.41,66.2,0,0,0,0
Louisiana,2021,12.8,39.5,14.9,5.58,12.2,74.4,0,0,0,0
Louisiana State NCAA,2021,12.1,38.4,11.3,7.76,11.4,81.8,1,0,0,0
Louisiana Tech,2021,13.1,38.3,12.8,6.78,10.1,73.1,0,0,0,0
Louisiana-Monroe,2021,13.7,30.4,13,7.42,7.88,64.2,0,0,0,0
Louisville,2021,11.1,38.2,11.4,4.8,11.3,68,0,0,0,0
Loyola (IL) NCAA,2021,15.8,32.5,11.7,6.94,7.42,71,1,0,0,0
Loyola (MD),2021,13,37.6,14.4,6.82,11.2,72.1,0,0,0,0
Loyola Marymount,2021,12.7,35.1,16,4.68,9.77,69.5,0,0,0,0
Maine,2021,12,31.2,16.3,5.67,7.67,53.1,0,0,0,0
Manhattan,2021,11.8,36.2,14.4,7.7,12.7,63.4,0,0,0,0
Marist,2021,10.9,35,14.4,5.43,7.52,63.4,0,0,0,0
Marquette,2021,12.3,36.3,14.4,5.07,9.56,69.7,0,0,0,0
Marshall,2021,15.9,35.4,12,7.82,8.32,79.9,0,0,0,0
Maryland NCAA,2021,13.4,32.7,11.1,5,6.29,68.9,1,0,0,0
Maryland-Baltimore County,2021,10.9,36.5,12.9,5.1,8.75,69.5,0,0,0,0
Massachusetts,2021,14.9,34.5,12.1,7.33,9.07,76.7,0,0,0,0
Massachusetts-Lowell,2021,11.6,34.5,14.5,5,8.74,68.5,0,0,0,0
McNeese State,2021,18.5,37.3,15,7.17,10.6,80.3,0,0,0,0
Memphis,2021,16,40,15.6,8.86,12.1,72.4,0,0,0,0
Mercer,2021,16.5,36.3,12.9,6.9,8.69,76.7,0,0,0,0
Merrimack,2021,12,30.9,13.6,8,6.89,66.3,0,0,0,0
Miami (FL),2021,11.3,35,12.6,6.63,9.52,66.4,0,0,0,0
Miami (OH),2021,12.1,34.7,10.8,4.43,9.83,72.3,0,0,0,0
Michigan NCAA,2021,15.8,37.5,11.3,4.29,8.93,75.8,1,0,0,0
Michigan State NCAA,2021,15.9,37.4,13,4.46,10.9,69.4,0,0,0,0
Middle Tennessee,2021,9.96,33.4,15,7.13,9.7,62,0,0,0,0
Milwaukee,2021,13,35,11.1,6.09,8.95,75.5,0,0,0,0
Minnesota,2021,13.8,36.8,11.2,6.31,11.7,72.5,0,0,0,0
Mississippi,2021,12.2,36.6,14,7.54,12.1,68.8,0,0,0,0
Mississippi State,2021,13,39,15.1,6.27,12.1,69.3,0,0,0,0
Mississippi Valley State,2021,11,31.2,17.9,4.58,7,56.8,0,0,0,0
Missouri NCAA,2021,13.3,35.7,13.3,6.65,9.81,73.4,1,0,0,0
Missouri State,2021,13.5,37,12.7,4.67,7.83,73.4,0,0,0,0
Monmouth,2021,14,37.5,13.4,8.3,9.9,76,0,0,0,0
Montana,2021,12.7,33.1,13.3,4.89,7.64,70.8,0,0,0,0
Montana State,2021,11,33.8,12.5,5.61,8.61,74,0,0,0,0
Morehead State NCAA,2021,12.8,37.3,15.4,4.39,10.2,68.8,1,0,0,0
Morgan State,2021,14.8,39.7,15.6,7.86,13.5,79.8,0,0,0,0
Mount St. Mary's NCAA,2021,11.6,37.3,12.9,4.26,10.5,63.2,0,0,0,0
Murray State,2021,16.7,36.1,13.3,6.73,9.19,76.4,0,0,0,0
Navy,2021,12.3,35.1,12.4,8.17,11.3,71.5,0,0,0,0
NC State,2021,13.1,32.6,12.8,8.08,9.8,72.8,0,0,0,0
Nebraska,2021,13.7,36.3,14.1,7.15,8.89,70,0,0,0,0
Nevada,2021,14.4,35.7,12.7,5.58,8.19,73.7,0,0,0,0
Nevada-Las Vegas,2021,13.2,36,12.5,6.37,10.3,69.4,0,0,0,0
New Hampshire,2021,11.2,37.2,11,5.47,10.8,67.3,0,0,0,0
New Mexico,2021,12.6,38.1,14.9,5.73,13.2,65.3,0,0,0,0
New Mexico State,2021,12.4,36.1,12.2,5,11.8,71.1,0,0,0,0
New Orleans,2021,15.6,35.2,16.8,7.6,9.8,76,0,0,0,0
Niagara,2021,11.8,31.6,9.95,5.85,8.15,64.7,0,0,0,0
Nicholls State,2021,13.4,38.1,13,9.12,10.9,78.4,0,0,0,0
NJIT,2021,9.53,31.4,11.2,6.68,8.84,66.1,0,0,0,0
Norfolk State NCAA,2021,12.1,36.3,12.9,6.52,9.92,73.6,1,0,0,0
North Alabama,2021,11.3,39,13.8,5.88,11,73.2,0,0,0,0
North Carolina NCAA,2021,15.3,42.8,14.6,7.03,15.7,75.2,1,0,0,0
North Carolina A&T,2021,13.6,35,14,8.71,10.9,72.2,0,0,0,0
North Carolina Central,2021,12.1,32.7,14.6,7.29,9.29,67.3,0,0,0,0
North Dakota,2021,11.8,32.5,13.1,5.15,8.23,68.7,0,0,0,0
North Dakota State,2021,10.6,37,12.5,3.89,9.48,69.7,0,0,0,0
North Florida,2021,12.9,32.6,15,4.43,8.87,69.6,0,0,0,0
North Texas NCAA,2021,13.3,33.1,12.9,6.5,8.5,69.8,1,0,0,0
Northeastern,2021,12.3,32.8,13.5,6.26,6.63,67.2,0,0,0,0
Northern Arizona,2021,10.8,28.5,11.8,5.45,8.09,63.2,0,0,0,0
Northern Colorado,2021,11,34.5,14,4.32,7.95,70.5,0,0,0,0
Northern Illinois,2021,10.7,36,13.7,5.79,12.8,62.3,0,0,0,0
Northern Iowa,2021,13.2,35.6,13,6.44,9.16,69.5,0,0,0,0
Northern Kentucky,2021,11.8,34.9,12.5,6.44,12.2,71.4,0,0,0,0
Northwestern,2021,14.7,33.7,11.8,6.17,7.5,70.3,0,0,0,0
Northwestern State,2021,13,35.6,14.4,6.97,10.2,72.6,0,0,0,0
Notre Dame,2021,14.9,33.4,10.6,4.27,7.19,72.7,0,0,0,0
Oakland,2021,14.8,35.1,13,8.27,11.5,74.7,0,0,0,0
Ohio NCAA,2021,17.5,35.3,12,6.44,9.6,79.2,1,0,0,0
Ohio State NCAA,2021,13.1,36.6,10.6,4.52,9.74,77.2,1,0,0,0
Oklahoma NCAA,2021,13.3,35.7,11,7.15,9.59,74.5,1,0,0,0
Oklahoma State NCAA,2021,12.8,38.3,15.6,7.47,11.1,76.6,1,0,0,0
Old Dominion,2021,12.1,35.9,12.7,7.48,9.74,68.3,0,0,0,0
Omaha,2021,9.44,34.1,13.1,5.64,8.48,67.3,0,0,0,0
Oral Roberts NCAA,2021,12.8,34.7,11.4,6.59,8.17,81.1,1,0,0,0
Oregon NCAA,2021,13.4,31.9,11,7.17,9.07,72.3,1,0,0,0
Oregon State NCAA,2021,14.5,34.3,11.6,5.79,10.1,70.5,1,0,0,0
Pacific,2021,12.9,34.6,11.9,6.44,10.1,69.8,0,0,0,0
Penn State,2021,13.4,36.5,11.4,7.92,12.2,72.6,0,0,0,0
Pennsylvania,2021,0,0,0,0,0,0,0,0,0,0
Pepperdine,2021,16.3,35.1,13.1,6.48,8.07,76.9,0,0,0,0
Pittsburgh,2021,14.6,38.3,12.6,6.05,12.7,71.2,0,0,0,0
Portland,2021,11.9,28.6,13.9,6.29,6.57,69.5,0,0,0,0
Portland State,2021,11.2,37.8,13.9,8.27,13,68.7,0,0,0,0
Prairie View,2021,15.9,35.2,13.7,9.62,11.2,71.3,0,0,0,0
Presbyterian,2021,10.7,33.6,15.2,7,11.3,64.1,0,0,0,0
Princeton,2021,0,0,0,0,0,0,0,0,0,0
Providence,2021,13.5,35.7,11.8,5.65,10.6,69.8,0,0,0,0
Purdue NCAA,2021,14.3,37.6,12.5,5.07,11.1,71,1,0,0,0
Purdue-Fort Wayne,2021,14.3,31.3,17.1,6.78,7.7,75.1,0,0,0,0
Quinnipiac,2021,12.7,36,14.2,5.59,7.73,67.5,0,0,0,0
Radford,2021,11.1,37,14.9,6.07,11,67.6,0,0,0,0
Rhode Island,2021,12.1,38.5,14.1,6.56,10.6,71.4,0,0,0,0
Rice,2021,15.3,37,15.1,5.46,9.43,73.9,0,0,0,0
Richmond,2021,14.2,30.1,10.5,8.87,6.7,74.7,0,0,0,0
Rider,2021,12.3,33.3,12.7,5.09,8.96,67.5,0,0,0,0
Robert Morris,2021,15.7,34,13.4,6.53,10.9,72.3,0,0,0,0
Rutgers NCAA,2021,13.7,35.3,11.5,7.61,9.71,69.3,1,0,0,0
Sacramento State,2021,12.8,31.4,10.1,6.9,9.35,72.2,0,0,0,0
Sacred Heart,2021,13.4,35.9,12.9,4.89,10.8,70.3,0,0,0,0
Saint Francis (PA),2021,12.8,35.4,14.2,5.77,10.4,68.9,0,0,0,0
Saint Joseph's,2021,14.3,33.8,14.1,6,8.25,72.2,0,0,0,0
Saint Louis,2021,17.6,38.4,12.1,7.38,12.3,75,0,0,0,0
Saint Mary's (CA),2021,10.7,34.4,11.3,6.04,8.46,64.3,0,0,0,0
Saint Peter's,2021,11.7,37,14.8,8.04,11,63.2,0,0,0,0
Sam Houston State,2021,15.5,36.9,14.4,8.46,11.4,79.6,0,0,0,0
Samford,2021,14.9,39.7,16.2,6.79,11.7,76.8,0,0,0,0
San Diego,2021,13.2,33.5,13.2,6.71,8,66.2,0,0,0,0
San Diego State NCAA,2021,13.9,35.8,11.1,8.18,9.79,73.6,1,0,0,0
San Francisco,2021,11.9,33.2,11.7,7.16,9.04,71.4,0,0,0,0
San Jose State,2021,10.1,34.4,12.6,4.71,8.24,65.8,0,0,0,0
Santa Clara,2021,12,36.5,13,4.4,8.2,69.7,0,0,0,0
Seattle,2021,11.5,33.7,10.7,6.57,10.3,72.9,0,0,0,0
Seton Hall,2021,12.9,34.9,13,6.3,10.2,71.3,0,0,0,0
Siena,2021,12.6,34.9,12.9,5.53,8.94,67.6,0,0,0,0
South Alabama,2021,11.2,35.6,11.9,7.14,9.61,74.1,0,0,0,0
South Carolina,2021,13.3,36,14.9,8.38,12.8,72.5,0,0,0,0
South Carolina State,2021,9.89,31.3,17.3,5.89,9.72,61.2,0,0,0,0
South Carolina Upstate,2021,12,31.2,14.1,6.22,8.09,65.9,0,0,0,0
South Dakota,2021,14,34.8,10.7,4.56,7.2,76,0,0,0,0
South Dakota State,2021,14.2,35.7,12.3,5.52,7.74,80.4,0,0,0,0
South Florida,2021,11.4,37.8,14,5.27,12.5,65.9,0,0,0,0
Southeast Missouri State,2021,13.9,35.1,15.4,6.85,9.56,69,0,0,0,0
Southeastern Louisiana,2021,10,34.1,15.9,6.92,12.1,68.3,0,0,0,0
Southern,2021,14.1,36.3,16.3,8.16,9.68,69.8,0,0,0,0
Southern California NCAA,2021,13.9,38.8,12.4,4.76,11.6,74.9,1,0,0,0
Southern Illinois,2021,13.5,29.7,12,6.15,5.35,65.5,0,0,0,0
SIU Edwardsville,2021,13,32.8,15.9,5.88,8.69,65.7,0,0,0,0
Southern Methodist,2021,15.3,36.7,14,6.12,10.4,74.6,0,0,0,0
Southern Mississippi,2021,12.1,35.1,14.1,5.92,8.32,64.2,0,0,0,0
Southern Utah,2021,14.1,39.4,12.1,7,11,84.2,0,0,0,0
St. Bonaventure NCAA,2021,14.6,36.9,10.7,5.86,11.3,70,1,0,0,0
St. Francis (NY),2021,14.3,36.2,12.1,8.05,11.4,77.7,0,0,0,0
St. John's (NY),2021,16.3,36,12.6,9.11,11.2,79,0,0,0,0
Stanford,2021,12.3,33.5,14.9,7.07,7.74,69.7,0,0,0,0
Stephen F. Austin,2021,15.8,35.7,16.6,9.48,11.6,80.3,0,0,0,0
Stetson,2021,13.7,35.4,13.2,6.96,10.4,71.3,0,0,0,0
Stony Brook,2021,12.1,38,13.8,5.61,11.4,66.2,0,0,0,0
Syracuse NCAA,2021,15,35.4,11.3,8.11,10.2,74.8,1,0,0,0
Tarleton State,2021,14.7,31.9,11.6,10.4,8.5,73.3,0,0,0,0
TCU,2021,13,34.6,14.2,6.04,9.81,66.8,0,0,0,0
Temple,2021,13.4,36.3,13.3,4.19,9.25,65.8,0,0,0,0
Tennessee NCAA,2021,14.9,35.9,12.5,7.26,10.9,71.9,1,0,0,0
Tennessee State,2021,11.7,33.7,15.3,7.39,9.35,68.4,0,0,0,0
Tennessee Tech,2021,14.1,33.6,15.9,6.52,9.07,66.6,0,0,0,0
Tennessee-Martin,2021,12,32.3,14.3,7.17,10.8,65.5,0,0,0,0
Texas NCAA,2021,13.2,38.4,14.6,6.52,10.8,74.4,1,0,0,0
Texas A&M,2021,12.1,33.4,14.8,6.89,11,64.3,0,0,0,0
Texas A&M-Corpus Christi,2021,12.8,34,16.7,6.88,8.58,64.8,0,0,0,0
Texas Southern NCAA,2021,12.1,40.9,15.3,7,12,73.9,1,0,0,0
Texas State,2021,13.6,32.9,13.3,6.88,9.24,66.4,0,0,0,0
Texas Tech NCAA,2021,13,35,10.8,7.14,11.5,72.5,1,0,0,0
Texas-Rio Grande Valley,2021,15.2,39.1,14.8,8.89,13.5,72.4,0,0,0,0
The Citadel,2021,15.6,37.8,12.1,5.44,9.48,80.8,0,0,0,0
Toledo,2021,16,37.6,11.1,6.13,10.7,81.1,0,0,0,0
Towson,2021,9.44,37,12.4,5,12.5,67.4,0,0,0,0
Troy,2021,11.4,37.7,14.9,6.25,10.8,65.3,0,0,0,0
Tulane,2021,11.7,32.7,11.2,7.48,8.3,63.9,0,0,0,0
Tulsa,2021,14.2,34,13.3,6.35,8.87,68.4,0,0,0,0
UAB,2021,10.6,36.7,10.5,7.97,10.7,72.6,0,0,0,0
UC Davis,2021,10.8,31.7,14.5,7.5,8.89,71.9,0,0,0,0
UC Irvine,2021,11.8,39.6,13,7.56,11.2,72.2,0,0,0,0
UC Riverside,2021,14,36.3,12,5.27,8.59,70.2,0,0,0,0
UC San Diego,2021,17.3,29.5,13.2,6.82,5.82,71.4,0,0,0,0
UC Santa Barbara NCAA,2021,16.2,35.2,10.9,7.37,9.3,76,1,0,0,0
UCLA NCAA,2021,13.7,34.9,10.5,4.94,9.75,73.4,1,1,0,0
UNC Asheville,2021,12.7,33.5,15.1,7,9.3,73.4,0,0,0,0
UNC Greensboro NCAA,2021,12.3,39.1,11,7.47,12.6,73,1,0,0,0
UNC Wilmington,2021,12.1,32.2,11.2,6.06,9.53,76.3,0,0,0,0
UT Arlington,2021,13.7,37.4,12,8.27,11.7,73.7,0,0,0,0
Utah,2021,15.1,31.3,12.6,5.44,7.4,72.1,0,0,0,0
Utah State NCAA,2021,16.2,40.7,13.9,6.66,12.4,72.6,1,0,0,0
Utah Tech,2021,15.3,35.2,15.2,6.81,9.52,69.6,0,0,0,0
Utah Valley,2021,16.8,38.8,15,5.23,10.9,74.2,0,0,0,0
UTEP,2021,11.9,34.5,10.9,6.25,8.75,70.8,0,0,0,0
UTSA,2021,14.7,38.5,11.6,6.19,11.5,78.8,0,0,0,0
Valparaiso,2021,12.7,32.9,12.4,6.54,7,65,0,0,0,0
Vanderbilt,2021,12.7,33.7,13.8,7,9.84,71.8,0,0,0,0
Vermont,2021,14.1,34.9,12.2,5,8.4,73,0,0,0,0
Villanova NCAA,2021,15,33.9,9.08,5.08,9.28,74.8,1,0,0,0
Virginia NCAA,2021,13.8,31.6,9.16,4.92,6.48,68.2,1,0,0,0
Virginia Commonwealth NCAA,2021,12.9,33,14.1,8.89,8.81,69,1,0,0,0
VMI,2021,15.7,38.5,12.6,5.36,8.12,80,0,0,0,0
Virginia Tech NCAA,2021,14.2,34.5,11.6,4.82,9.27,72,1,0,0,0
Wagner,2021,12.9,35.6,12.3,7.35,12.3,71.3,0,0,0,0
Wake Forest,2021,11.5,32.6,13.6,6.18,9,66.3,0,0,0,0
Washington,2021,10.8,31.2,13.7,6.08,8.19,67.7,0,0,0,0
Washington State,2021,12.1,38,15.3,6.19,11.3,68.6,0,0,0,0
Weber State,2021,15,32.8,12.5,6.7,6.43,81.8,0,0,0,0
West Virginia NCAA,2021,14,37.8,12,7.59,13.4,77.3,1,0,0,0
Western Carolina,2021,13.3,34.4,14.1,4.93,7.81,75.5,0,0,0,0
Western Illinois,2021,10.2,38.1,13,5.27,11.7,73,0,0,0,0
Western Kentucky,2021,13.6,37.7,14.2,6.45,10.5,72.7,0,0,0,0
Western Michigan,2021,11.7,33.8,14.5,4.43,7.95,63.1,0,0,0,0
Wichita State NCAA,2021,13,37.9,11.2,6.14,11.9,71.5,0,0,0,0
William & Mary,2021,10.8,33.8,13.6,5.29,10,64.8,0,0,0,0
Winthrop NCAA,2021,15,40.1,14,7.44,12.8,78.9,1,0,0,0
Wisconsin NCAA,2021,13.4,33.6,9.03,5.65,8.23,69.9,1,0,0,0
Wofford,2021,14.6,34.5,12.8,6.67,9,74.3,0,0,0,0
Wright State,2021,15.4,42.3,13.1,5.92,11.8,82,0,0,0,0
Wyoming,2021,14,32.6,11.2,5.8,8.12,76.6,0,0,0,0
Xavier,2021,17.6,37.7,11.2,6.9,9.52,74.8,0,0,0,0
Yale,2021,0,0,0,0,0,0,0,0,0,0
Youngstown State,2021,12.9,36.7,11.5,6.04,12.8,74.4,0,0,0,0